syn_name	taxon_level	taxon_name	class_name	subclass_or_superorder_name	order_name	suborder_name	superfamily_name	family_name	subfamily_name	tribe_name	genus_name	species_name	author	STG_TIME_STAMP
Streptodelphys tropicalis	species	Oryctodelphys tropicalis	MAMMALIA	METATHERIA	INCERTAE SEDIS			Derorhynchidae			Oryctodelphys	tropicalis		2026/06/18 17:48:51.478
Gaylordia doelloi	species	Gaylordia macrocynodonta	MAMMALIA	METATHERIA	INCERTAE SEDIS			incertae sedis			Gaylordia	macrocynodonta		2026/06/18 17:48:51.478
Leakeytherium hiwegi	species	Leakitherium hiwegi	MAMMALIA	EUTHERIA	HYAENODONTA		Hyaenodontoidea	Hyaenodontidae			Leakitherium	hiwegi	Savage, 1965	2026/06/18 17:48:51.478
Hyaenodon pilgrimi	species	Exiguodon pilgrimi	MAMMALIA	EUTHERIA	HYAENODONTA		Hyaenodontoidea	Hyaenodontidae	Hyaenodontinae		Exiguodon	pilgrimi	Morales and Pickford, 2017	2026/06/18 17:48:51.478
Isohyaenodon pilgrimi	species	Exiguodon pilgrimi	MAMMALIA	EUTHERIA	HYAENODONTA		Hyaenodontoidea	Hyaenodontidae	Hyaenodontinae		Exiguodon	pilgrimi	Morales and Pickford, 2017	2026/06/18 17:48:51.478
Pterodon leptognathus	species	Akhnatenavus leptognathus	MAMMALIA	EUTHERIA	HYAENODONTA		Hyainailouroidea	Hyainailouridae	Hyainailourinae		Akhnatenavus	leptognathus	Holroyd, 1999	2026/06/18 17:48:51.478
Pterodon syrtos	species	Bastetodon syrtos	MAMMALIA	EUTHERIA	HYAENODONTA		Hyainailouroidea	Hyainailouridae	Hyainailourinae		Bastetodon	syrtos	Al-Ashqar et al., 2025	2026/06/18 17:48:51.478
Metapterodon schlosseri	species	Falcatodon schlosseri	MAMMALIA	EUTHERIA	HYAENODONTA		Hyainailouroidea	Hyainailouridae	Hyainailourinae		Falcatodon	schlosseri	Morales and Pickford, 2017	2026/06/18 17:48:51.478
Hyaenodon andrewsi	species	Isohyaenodon andrewsi	MAMMALIA	EUTHERIA	HYAENODONTA		Hyainailouroidea	Hyainailouridae	Hyainailourinae		Isohyaenodon	andrewsi		2026/06/18 17:48:51.478
Metapterodon markgrafi	species	Sectisodon markgrafi	MAMMALIA	EUTHERIA	HYAENODONTA		Hyainailouroidea	Hyainailouridae	Hyainailourinae		Sectisodon	markgrafi	Morales and Pickford, 2017	2026/06/18 17:48:51.478
Pterodon africanus	species	Sekhmetops africanus	MAMMALIA	EUTHERIA	HYAENODONTA		Hyainailouroidea	Hyainailouridae	Hyainailourinae		Sekhmetops	africanus		2026/06/18 17:48:51.478
Pterodon phiomensis	species	Sekhmetops phiomensis	MAMMALIA	EUTHERIA	HYAENODONTA		Hyainailouroidea	Hyainailouridae	Hyainailourinae		Sekhmetops	phiomensis	Al-Ashqar et al., 2025	2026/06/18 17:48:51.478
Qatranitherium africanum	species	Peratherium africanum	MAMMALIA	METATHERIA	DIDELPHIMORPHIA			Didelphidae			Peratherium	africanum		2026/06/18 17:48:51.478
Propraopus magnus	species	Propraopus sulcatus	MAMMALIA	EUTHERIA	CINGULATA			Dasypodidae			Propraopus	sulcatus		2026/06/18 17:48:51.478
Xyophorus bondesioi	species	Mcdonaldocnus bondesioi	MAMMALIA	EUTHERIA	PILOSA	Tardigrada		Nothrotheriidae			Mcdonaldocnus	bondesioi		2026/06/18 17:48:51.478
Xyophorus villarroeli	species	Mcdonaldocnus bondesioi	MAMMALIA	EUTHERIA	PILOSA	Tardigrada		Nothrotheriidae			Mcdonaldocnus	bondesioi		2026/06/18 17:48:51.478
Elephantulus langi	species	Elephantulus broomi	MAMMALIA	EUTHERIA	MACROSCELIDEA			Macroscelididae			Elephantulus	broomi	Corbet and Hanks, 1968	2026/06/18 17:48:51.478
Metoldobotes stromeri	species	Metoldobotes stromeri	MAMMALIA	EUTHERIA	MACROSCELIDEA			Macroscelididae			Metoldobotes	stromeri		2026/06/18 17:48:51.478
Anatolmylus rozhdestvenskii	species	Anatolimys rozhdestvenskii	MAMMALIA	EUTHERIA	MIMOTONIDA			Mimotonidae			Anatolimys	rozhdestvenskii		2026/06/18 17:48:51.478
Serengetilagus precapensis	species	Serengetilagus praecapensis	MAMMALIA	EUTHERIA	LAGOMORPHA			Leporidae			Serengetilagus	praecapensis		2026/06/18 17:48:51.478
Hispanolagus crusafonti	species	Trischizolagus crusafonti	MAMMALIA	EUTHERIA	LAGOMORPHA			Leporidae			Trischizolagus	crusafonti		2026/06/18 17:48:51.478
Serengetilagus raynali	species	Trischizolagus raynali	MAMMALIA	EUTHERIA	LAGOMORPHA			Leporidae			Trischizolagus	raynali		2026/06/18 17:48:51.478
Amphilagus fontannesi	species	Eurolagus fontannesi	MAMMALIA	EUTHERIA	LAGOMORPHA			Ochotonidae			Eurolagus	fontannesi		2026/06/18 17:48:51.478
Proochotona eximia	species	Ochotona eximia	MAMMALIA	EUTHERIA	LAGOMORPHA			Ochotonidae			Ochotona	eximia		2026/06/18 17:48:51.478
Proochotona kalfense	species	Ochotona kalfense	MAMMALIA	EUTHERIA	LAGOMORPHA			Ochotonidae			Ochotona	kalfense	(Lungu, 1981)	2026/06/18 17:48:51.478
Proochotona kirgisica	species	Ochotona kirgizica	MAMMALIA	EUTHERIA	LAGOMORPHA			Ochotonidae			Ochotona	kirgizica	(Gureev, 1964)	2026/06/18 17:48:51.478
Proochotona kurdjukovi	species	Ochotona kurdjukovi	MAMMALIA	EUTHERIA	LAGOMORPHA			Ochotonidae			Ochotona	kurdjukovi	(Gureev, 1964)	2026/06/18 17:48:51.478
Proochotona ozansoyi	species	Ochotona ozansoyi	MAMMALIA	EUTHERIA	LAGOMORPHA			Ochotonidae			Ochotona	ozansoyi		2026/06/18 17:48:51.478
Proochotona transcaucasica	species	Ochotona transcaucasica	MAMMALIA	EUTHERIA	LAGOMORPHA			Ochotonidae			Ochotona	transcaucasica		2026/06/18 17:48:51.478
Prolagus osmolskae	species	Prolagus bilobus	MAMMALIA	EUTHERIA	LAGOMORPHA			Ochotonidae			Prolagus	bilobus		2026/06/18 17:48:51.478
Plesiospermophilus macrodon	species	Parallomys macrodon	MAMMALIA	EUTHERIA	RODENTIA			Aplodontiidae	Allomyinae		Parallomys	macrodon		2026/06/18 17:48:51.478
Plesiospermophilus argoviensis	species	Paransomys argoviensis	MAMMALIA	EUTHERIA	RODENTIA			Aplodontiidae	Ansomyinae		Paransomys	argoviensis		2026/06/18 17:48:51.478
Plesiospermophilus descendens	species	Paransomys descendens	MAMMALIA	EUTHERIA	RODENTIA			Aplodontiidae	Ansomyinae		Paransomys	descendens		2026/06/18 17:48:51.478
Eucastor adroveri	species	Chalicomys adroveri	MAMMALIA	EUTHERIA	RODENTIA			Castoridae			Chalicomys	adroveri	(Aldana Carrasco, 1992)	2026/06/18 17:48:51.478
Schreuderia adroveri	species	Chalicomys adroveri	MAMMALIA	EUTHERIA	RODENTIA			Castoridae			Chalicomys	adroveri	(Aldana Carrasco, 1992)	2026/06/18 17:48:51.478
Chalicomys plassi	species	Chalicomys jaegeri	MAMMALIA	EUTHERIA	RODENTIA			Castoridae			Chalicomys	jaegeri	Kaup, 1832	2026/06/18 17:48:51.478
Steneofiber butselensis	species	Propalaeocastor butselensis	MAMMALIA	EUTHERIA	RODENTIA			Castoridae			Propalaeocastor	butselensis		2026/06/18 17:48:51.478
Palaeomys dehmi	species	Steneofiber dehmi	MAMMALIA	EUTHERIA	RODENTIA			Castoridae			Steneofiber	dehmi		2026/06/18 17:48:51.478
Chalicomys depereti	species	Steneofiber depereti	MAMMALIA	EUTHERIA	RODENTIA			Castoridae			Steneofiber	depereti	Mayet, 1908	2026/06/18 17:48:51.478
Palaeomys depereti	species	Steneofiber depereti	MAMMALIA	EUTHERIA	RODENTIA			Castoridae			Steneofiber	depereti	Mayet, 1908	2026/06/18 17:48:51.478
Trogontherium boisvilletti	species	Trogontherium cuvieri	MAMMALIA	EUTHERIA	RODENTIA			Castoridae			Trogontherium	cuvieri		2026/06/18 17:48:51.478
Amblycastor fluminis	species	Anchitheriomys fluminis	MAMMALIA	EUTHERIA	RODENTIA			Castoridae	Agnotocastorinae		Anchitheriomys	fluminis		2026/06/18 17:48:51.478
Amblycastor tungurensis	species	Anchitheriomys tungurensis	MAMMALIA	EUTHERIA	RODENTIA			Castoridae	Agnotocastorinae		Anchitheriomys	tungurensis		2026/06/18 17:48:51.478
Castor plicidens	species	Castor fiber	MAMMALIA	EUTHERIA	RODENTIA			Castoridae	Castorinae		Castor	fiber		2026/06/18 17:48:51.478
Castor praefiber	species	Castor fiber	MAMMALIA	EUTHERIA	RODENTIA			Castoridae	Castorinae		Castor	fiber		2026/06/18 17:48:51.478
Chloromys minutus	species	Euroxenomys minutus	MAMMALIA	EUTHERIA	RODENTIA			Castoridae	Castoroidinae		Euroxenomys	minutus		2026/06/18 17:48:51.478
Monosaulax minutus	species	Euroxenomys minutus	MAMMALIA	EUTHERIA	RODENTIA			Castoridae	Castoroidinae		Euroxenomys	minutus		2026/06/18 17:48:51.478
Steneofiber minutus	species	Euroxenomys minutus	MAMMALIA	EUTHERIA	RODENTIA			Castoridae	Castoroidinae		Euroxenomys	minutus		2026/06/18 17:48:51.478
Trogontherium minutum	species	Euroxenomys minutus	MAMMALIA	EUTHERIA	RODENTIA			Castoridae	Castoroidinae		Euroxenomys	minutus		2026/06/18 17:48:51.478
Zamolxifiber covurluiensis	species	Euroxenomys minutus	MAMMALIA	EUTHERIA	RODENTIA			Castoridae	Castoroidinae		Euroxenomys	minutus		2026/06/18 17:48:51.478
Trogontherium pansus	species	Monosaulax pansus	MAMMALIA	EUTHERIA	RODENTIA			Castoridae	Castoroidinae		Monosaulax	pansus		2026/06/18 17:48:51.478
Trogontherium savinovi	species	Monosaulax savinovi	MAMMALIA	EUTHERIA	RODENTIA			Castoridae	Castoroidinae		Monosaulax	savinovi		2026/06/18 17:48:51.478
Eucastor tungurensis	species	Monosaulax tungurensis	MAMMALIA	EUTHERIA	RODENTIA			Castoridae	Castoroidinae		Monosaulax	tungurensis		2026/06/18 17:48:51.478
Trogontherium tungurensis	species	Monosaulax tungurensis	MAMMALIA	EUTHERIA	RODENTIA			Castoridae	Castoroidinae		Monosaulax	tungurensis		2026/06/18 17:48:51.478
Advenimus hupeiensis	species	Advenimus hubeiensis	MAMMALIA	EUTHERIA	RODENTIA			Chapattimyidae	Yuomyinae		Advenimus	hubeiensis		2026/06/18 17:48:51.478
Tataromys bohlini	species	Euryodontomys exiguus	MAMMALIA	EUTHERIA	RODENTIA			Ctenodactylidae			Euryodontomys	exiguus		2026/06/18 17:48:51.478
Bounomys bohlini	species	Yindirtemys bohlini	MAMMALIA	EUTHERIA	RODENTIA			Ctenodactylidae			Yindirtemys	bohlini		2026/06/18 17:48:51.478
Bounomys ulantatalensis	species	Yindirtemys ulantatalensis	MAMMALIA	EUTHERIA	RODENTIA			Ctenodactylidae			Yindirtemys	ulantatalensis		2026/06/18 17:48:51.478
Eucelphorus cabrerai	species	Eucelophorus chapalmalensis	MAMMALIA	EUTHERIA	RODENTIA		Octodontoidea	Ctenomyidae			Eucelophorus	chapalmalensis	Ameghino, 1908	2026/06/18 17:48:51.478
Plesiosminthus cubitalus	species	Bohlinosminthus cubitalus	MAMMALIA	EUTHERIA	RODENTIA			Dipodidae			Bohlinosminthus	cubitalus	Lopatin, 1999	2026/06/18 17:48:51.478
Parasminthus parvulus	species	Bohlinosminthus parvulus	MAMMALIA	EUTHERIA	RODENTIA			Dipodidae			Bohlinosminthus	parvulus	Daxner-Höck, Badamgarav & Maridet, 2014	2026/06/18 17:48:51.478
Plesiosminthus parvulus	species	Bohlinosminthus parvulus	MAMMALIA	EUTHERIA	RODENTIA			Dipodidae			Bohlinosminthus	parvulus	Daxner-Höck, Badamgarav & Maridet, 2014	2026/06/18 17:48:51.478
Pygerethmus acontion	species	Pygeretmus acontion	MAMMALIA	EUTHERIA	RODENTIA			Dipodidae			Pygeretmus	acontion		2026/06/18 17:48:51.478
Pliopygerethmus brachydens	species	Pygeretmus brachydens	MAMMALIA	EUTHERIA	RODENTIA			Dipodidae			Pygeretmus	brachydens		2026/06/18 17:48:51.478
Pygerethmus pygmaeus	species	Pygeretmus pygmaeus	MAMMALIA	EUTHERIA	RODENTIA			Dipodidae			Pygeretmus	pygmaeus		2026/06/18 17:48:51.478
Sminthoides fraudator	species	Dipus fraudator	MAMMALIA	EUTHERIA	RODENTIA			Dipodidae	Dipodinae		Dipus	fraudator		2026/06/18 17:48:51.478
Paralactaga andersoni	species	Paralactaga anderssoni	MAMMALIA	EUTHERIA	RODENTIA			Dipodidae	Dipodinae		Paralactaga	anderssoni		2026/06/18 17:48:51.478
Sarmatosminthus gabuniai	species	Heterosminthus gabuniai	MAMMALIA	EUTHERIA	RODENTIA			Dipodidae	Sicistinae		Heterosminthus	gabuniai	(Lungu, 1981)	2026/06/18 17:48:51.478
Sarmatosminthus gabunii	species	Heterosminthus gabuniai	MAMMALIA	EUTHERIA	RODENTIA			Dipodidae	Sicistinae		Heterosminthus	gabuniai	(Lungu, 1981)	2026/06/18 17:48:51.478
Bujoromys olarensis	species	Heterosminthus gansus	MAMMALIA	EUTHERIA	RODENTIA			Dipodidae	Sicistinae		Heterosminthus	gansus		2026/06/18 17:48:51.478
Lophocricetus gansus	species	Heterosminthus gansus	MAMMALIA	EUTHERIA	RODENTIA			Dipodidae	Sicistinae		Heterosminthus	gansus		2026/06/18 17:48:51.478
Plesiosminthus asiaecentralis	species	Parasminthus asiaecentralis	MAMMALIA	EUTHERIA	RODENTIA			Dipodidae	Sicistinae		Parasminthus	asiaecentralis		2026/06/18 17:48:51.478
Plesiosminthus tagingoli	species	Parasminthus tangingoli	MAMMALIA	EUTHERIA	RODENTIA			Dipodidae	Sicistinae		Parasminthus	tangingoli	Bohlin, 1946	2026/06/18 17:48:51.478
Plesiosminthus tangingoli	species	Parasminthus tangingoli	MAMMALIA	EUTHERIA	RODENTIA			Dipodidae	Sicistinae		Parasminthus	tangingoli	Bohlin, 1946	2026/06/18 17:48:51.478
Sicista subtilis betulina	species	Sicista betulina	MAMMALIA	EUTHERIA	RODENTIA			Dipodidae	Sicistinae		Sicista	betulina		2026/06/18 17:48:51.478
Proatherura formosa	species	Eumysops formosus	MAMMALIA	EUTHERIA	RODENTIA		Octodontoidea	Echimyidae			Eumysops	formosus	(Ameghino, 1906)	2026/06/18 17:48:51.478
Leptodontomys catalaunicus	species	Eomyops catalaunicus	MAMMALIA	EUTHERIA	RODENTIA			Eomyidae			Eomyops	catalaunicus		2026/06/18 17:48:51.478
Bransatoglis astaracensis	species	Bransatoglis astaracensis	MAMMALIA	EUTHERIA	RODENTIA			Gliridae			Bransatoglis	astaracensis	Baudelot, 1970	2026/06/18 17:48:51.478
Paraglis astaracensis	species	Bransatoglis astaracensis	MAMMALIA	EUTHERIA	RODENTIA			Gliridae			Bransatoglis	astaracensis	Baudelot, 1970	2026/06/18 17:48:51.478
Bransatoglis fugax	species	Bransatoglis fugax	MAMMALIA	EUTHERIA	RODENTIA			Gliridae			Bransatoglis	fugax	(Hugueney, 1967)	2026/06/18 17:48:51.478
Paraglis fugax	species	Bransatoglis fugax	MAMMALIA	EUTHERIA	RODENTIA			Gliridae			Bransatoglis	fugax	(Hugueney, 1967)	2026/06/18 17:48:51.478
Pseudodryomys fugax	species	Bransatoglis fugax	MAMMALIA	EUTHERIA	RODENTIA			Gliridae			Bransatoglis	fugax	(Hugueney, 1967)	2026/06/18 17:48:51.478
Bransatoglis infralactorensis	species	Bransatoglis infralactorensis	MAMMALIA	EUTHERIA	RODENTIA			Gliridae			Bransatoglis	infralactorensis	Baudelot & Collier, 1982	2026/06/18 17:48:51.478
Paraglis infralactorensis	species	Bransatoglis infralactorensis	MAMMALIA	EUTHERIA	RODENTIA			Gliridae			Bransatoglis	infralactorensis	Baudelot & Collier, 1982	2026/06/18 17:48:51.478
Bransatoglis ingens	species	Bransatoglis ingens	MAMMALIA	EUTHERIA	RODENTIA			Gliridae			Bransatoglis	ingens		2026/06/18 17:48:51.478
Paraglis ingens	species	Bransatoglis ingens	MAMMALIA	EUTHERIA	RODENTIA			Gliridae			Bransatoglis	ingens		2026/06/18 17:48:51.478
Gliravus priscus	species	Glamys priscus	MAMMALIA	EUTHERIA	RODENTIA			Gliridae			Glamys	priscus		2026/06/18 17:48:51.478
Paraglirulus conjunctus	species	Glirulus conjunctus	MAMMALIA	EUTHERIA	RODENTIA			Gliridae			Glirulus	conjunctus		2026/06/18 17:48:51.478
Paraglirulus scalabicensis	species	Glirulus scalabicensis	MAMMALIA	EUTHERIA	RODENTIA			Gliridae			Glirulus	scalabicensis		2026/06/18 17:48:51.478
Paraglirulus schultzi	species	Glirulus schultzi	MAMMALIA	EUTHERIA	RODENTIA			Gliridae			Glirulus	schultzi		2026/06/18 17:48:51.478
Glirudinus praemurinus	species	Microdyromys praemurinus	MAMMALIA	EUTHERIA	RODENTIA			Gliridae			Microdyromys	praemurinus		2026/06/18 17:48:51.478
Microdyromys biradiculus	species	Miodyromys biradiculus	MAMMALIA	EUTHERIA	RODENTIA			Gliridae			Miodyromys	biradiculus		2026/06/18 17:48:51.478
Myomimus persanatus	species	Myomimus personatus	MAMMALIA	EUTHERIA	RODENTIA			Gliridae			Myomimus	personatus		2026/06/18 17:48:51.478
Glirulus agelakisi	species	Paraglirulus agelakisi	MAMMALIA	EUTHERIA	RODENTIA			Gliridae			Paraglirulus	agelakisi		2026/06/18 17:48:51.478
Glirulus werenfelsi	species	Paraglirulus werenfelsi	MAMMALIA	EUTHERIA	RODENTIA			Gliridae			Paraglirulus	werenfelsi		2026/06/18 17:48:51.478
Miodyromys multicrestatus	species	Ramys multicrestatus	MAMMALIA	EUTHERIA	RODENTIA			Gliridae			Ramys	multicrestatus		2026/06/18 17:48:51.478
Pseudodryomys aljaphi	species	Simplomys aljaphi	MAMMALIA	EUTHERIA	RODENTIA			Gliridae			Simplomys	aljaphi		2026/06/18 17:48:51.478
Pseudodryomys julii	species	Simplomys julii	MAMMALIA	EUTHERIA	RODENTIA			Gliridae			Simplomys	julii		2026/06/18 17:48:51.478
Pseudodryomys robustus	species	Simplomys robustus	MAMMALIA	EUTHERIA	RODENTIA			Gliridae			Simplomys	robustus		2026/06/18 17:48:51.478
Pseudodryomys simplicidens	species	Simplomys simplicidens	MAMMALIA	EUTHERIA	RODENTIA			Gliridae			Simplomys	simplicidens		2026/06/18 17:48:51.478
Ramys perezi	species	Vasseuromys perezi	MAMMALIA	EUTHERIA	RODENTIA			Gliridae			Vasseuromys	perezi		2026/06/18 17:48:51.478
Eomuscardinus sansaniensis	species	Muscardinus sansaniensis	MAMMALIA	EUTHERIA	RODENTIA			Gliridae	Glirinae		Muscardinus	sansaniensis		2026/06/18 17:48:51.478
Sivacanthion complicates	species	Sivacanthion complicates	MAMMALIA	EUTHERIA	RODENTIA			Hystricidae			Sivacanthion	complicates		2026/06/18 17:48:51.478
Hystrix brachyurus	species	Hystrix brachyura	MAMMALIA	EUTHERIA	RODENTIA			Hystricidae	Hystricinae		Hystrix	brachyura		2026/06/18 17:48:51.478
Amblycastor caucasicus	species	Hystrix caucasica	MAMMALIA	EUTHERIA	RODENTIA			Hystricidae	Hystricinae		Hystrix	caucasica		2026/06/18 17:48:51.478
Gaimanomys alwinea	species	Protadelphomys latus	MAMMALIA	EUTHERIA	RODENTIA		Octodontoidea	incertae sedis			Protadelphomys	latus		2026/06/18 17:48:51.478
Asiaparamya schevyrevae	species	Asiaparamys schevyrevae	MAMMALIA	EUTHERIA	RODENTIA			Ischyromyidae			Asiaparamys	schevyrevae		2026/06/18 17:48:51.478
Lagurus arankae	species	Lagurodon arankae	MAMMALIA	EUTHERIA	RODENTIA			Muridae			Lagurodon	arankae		2026/06/18 17:48:51.478
Microtia magna	species	Mikrotia magna	MAMMALIA	EUTHERIA	RODENTIA			Muridae			Mikrotia	magna		2026/06/18 17:48:51.478
Microtia maiuscula	species	Mikrotia maiuscula	MAMMALIA	EUTHERIA	RODENTIA			Muridae			Mikrotia	maiuscula		2026/06/18 17:48:51.478
Microtia parva	species	Mikrotia parva	MAMMALIA	EUTHERIA	RODENTIA			Muridae			Mikrotia	parva		2026/06/18 17:48:51.478
Anomalomys gernoti	species	Prospalax petteri	MAMMALIA	EUTHERIA	RODENTIA			Muridae	Anomalomyinae		Prospalax	petteri		2026/06/18 17:48:51.478
Microtus pliocaenicus	species	Allophaiomys pliocaenicus	MAMMALIA	EUTHERIA	RODENTIA			Muridae	Arvicolinae		Allophaiomys	pliocaenicus		2026/06/18 17:48:51.478
Microtus ruffoi	species	Allophaiomys ruffoi	MAMMALIA	EUTHERIA	RODENTIA			Muridae	Arvicolinae		Allophaiomys	ruffoi		2026/06/18 17:48:51.478
Allophaiomys terraerubrae	species	Allophaiomys terraerubrae	MAMMALIA	EUTHERIA	RODENTIA			Muridae	Arvicolinae		Allophaiomys	terraerubrae		2026/06/18 17:48:51.478
Arvicola cantiana	species	Arvicola cantianus	MAMMALIA	EUTHERIA	RODENTIA			Muridae	Arvicolinae		Arvicola	cantianus		2026/06/18 17:48:51.478
Baranomys loczyi	species	Baranomys lockzyi	MAMMALIA	EUTHERIA	RODENTIA			Muridae	Arvicolinae		Baranomys	lockzyi		2026/06/18 17:48:51.478
Microtodon canterranensis	species	Bjornkurtenia cantarranensis	MAMMALIA	EUTHERIA	RODENTIA			Muridae	Arvicolinae		Bjornkurtenia	cantarranensis		2026/06/18 17:48:51.478
Dolomys dalmatinus	species	Dinaromys dalmatinus	MAMMALIA	EUTHERIA	RODENTIA			Muridae	Arvicolinae		Dinaromys	dalmatinus	(Kormos, 1931)	2026/06/18 17:48:51.478
Kislangia capettai	species	Kislangia cappettai	MAMMALIA	EUTHERIA	RODENTIA			Muridae	Arvicolinae		Kislangia	cappettai		2026/06/18 17:48:51.478
Mimomys capettai	species	Kislangia cappettai	MAMMALIA	EUTHERIA	RODENTIA			Muridae	Arvicolinae		Kislangia	cappettai		2026/06/18 17:48:51.478
Mimomys cappettai	species	Kislangia cappettai	MAMMALIA	EUTHERIA	RODENTIA			Muridae	Arvicolinae		Kislangia	cappettai		2026/06/18 17:48:51.478
Terricola apsheronicus	species	Microtus apscheronicus	MAMMALIA	EUTHERIA	RODENTIA			Muridae	Arvicolinae		Microtus	apscheronicus		2026/06/18 17:48:51.478
Iberomys brecciensis	species	Microtus brecciensis	MAMMALIA	EUTHERIA	RODENTIA			Muridae	Arvicolinae		Microtus	brecciensis		2026/06/18 17:48:51.478
Terricola majori	species	Microtus majori	MAMMALIA	EUTHERIA	RODENTIA			Muridae	Arvicolinae		Microtus	majori		2026/06/18 17:48:51.478
Mimomys hajnackensis	species	Mimomys hassiacus	MAMMALIA	EUTHERIA	RODENTIA			Muridae	Arvicolinae		Mimomys	hassiacus		2026/06/18 17:48:51.478
Microtus hintoni	species	Mimomys hintoni	MAMMALIA	EUTHERIA	RODENTIA			Muridae	Arvicolinae		Mimomys	hintoni		2026/06/18 17:48:51.478
Dolomys occitanus	species	Mimomys occitanus	MAMMALIA	EUTHERIA	RODENTIA			Muridae	Arvicolinae		Mimomys	occitanus		2026/06/18 17:48:51.478
Propliomys hungaricus	species	Pliomys hungaricus	MAMMALIA	EUTHERIA	RODENTIA			Muridae	Arvicolinae		Pliomys	hungaricus		2026/06/18 17:48:51.478
Lagurus pannonicus	species	Prolagurus pannonicus	MAMMALIA	EUTHERIA	RODENTIA			Muridae	Arvicolinae		Prolagurus	pannonicus		2026/06/18 17:48:51.478
Polonomys insuliferus	species	Promimomys insuliferus	MAMMALIA	EUTHERIA	RODENTIA			Muridae	Arvicolinae		Promimomys	insuliferus		2026/06/18 17:48:51.478
Prosomys insuliferus	species	Promimomys insuliferus	MAMMALIA	EUTHERIA	RODENTIA			Muridae	Arvicolinae		Promimomys	insuliferus		2026/06/18 17:48:51.478
Synaptomys mogoliensis	species	Synaptomys mongoliensis	MAMMALIA	EUTHERIA	RODENTIA			Muridae	Arvicolinae		Synaptomys	mongoliensis		2026/06/18 17:48:51.478
Microtus arvalidens	species	Terricola arvalidens	MAMMALIA	EUTHERIA	RODENTIA			Muridae	Arvicolinae		Terricola	arvalidens		2026/06/18 17:48:51.478
Pitymys arvalidens	species	Terricola arvalidens	MAMMALIA	EUTHERIA	RODENTIA			Muridae	Arvicolinae		Terricola	arvalidens		2026/06/18 17:48:51.478
Terricola arvalidens	species	Terricola arvalidens	MAMMALIA	EUTHERIA	RODENTIA			Muridae	Arvicolinae		Terricola	arvalidens		2026/06/18 17:48:51.478
Pitymys daghestanicus	species	Terricola daghestanicus	MAMMALIA	EUTHERIA	RODENTIA			Muridae	Arvicolinae		Terricola	daghestanicus		2026/06/18 17:48:51.478
Pitymys majori	species	Terricola majori	MAMMALIA	EUTHERIA	RODENTIA			Muridae	Arvicolinae		Terricola	majori		2026/06/18 17:48:51.478
Pitymys simplicidens	species	Terricola simplicidens	MAMMALIA	EUTHERIA	RODENTIA			Muridae	Arvicolinae		Terricola	simplicidens		2026/06/18 17:48:51.478
Microtus subterraneus	species	Terricola subterraneus	MAMMALIA	EUTHERIA	RODENTIA			Muridae	Arvicolinae		Terricola	subterraneus		2026/06/18 17:48:51.478
Pitymys subterraneus	species	Terricola subterraneus	MAMMALIA	EUTHERIA	RODENTIA			Muridae	Arvicolinae		Terricola	subterraneus		2026/06/18 17:48:51.478
Fahlbuschia crusafonti	species	Democricetodon crusafonti	MAMMALIA	EUTHERIA	RODENTIA			Muridae	Copemyinae		Democricetodon	crusafonti		2026/06/18 17:48:51.478
Democricetodon corcolesi	species	Democricetodon decipiens	MAMMALIA	EUTHERIA	RODENTIA			Muridae	Copemyinae		Democricetodon	decipiens		2026/06/18 17:48:51.478
Fahlbuschia koenigswaldi	species	Democricetodon koenigswaldi	MAMMALIA	EUTHERIA	RODENTIA			Muridae	Copemyinae		Democricetodon	koenigswaldi		2026/06/18 17:48:51.478
Democricetodon darocensis	species	Democricetodon larteti	MAMMALIA	EUTHERIA	RODENTIA			Muridae	Copemyinae		Democricetodon	larteti		2026/06/18 17:48:51.478
Fahlbuschia darocensis	species	Democricetodon larteti	MAMMALIA	EUTHERIA	RODENTIA			Muridae	Copemyinae		Democricetodon	larteti		2026/06/18 17:48:51.478
Cricetus barrierei	species	Apocricetus barrierei	MAMMALIA	EUTHERIA	RODENTIA			Muridae	Cricetinae		Apocricetus	barrierei		2026/06/18 17:48:51.478
Kowalskia plinii	species	Apocricetus plinii	MAMMALIA	EUTHERIA	RODENTIA			Muridae	Cricetinae		Apocricetus	plinii		2026/06/18 17:48:51.478
Kowalskia meini	species	Cricetulodon meini	MAMMALIA	EUTHERIA	RODENTIA			Muridae	Cricetinae		Cricetulodon	meini	(Agustí, 1986)	2026/06/18 17:48:51.478
Cricetinus barabensis	species	Cricetulus barabensis	MAMMALIA	EUTHERIA	RODENTIA			Muridae	Cricetinae		Cricetulus	barabensis		2026/06/18 17:48:51.478
Cricetinus beremendensis	species	Cricetulus beremendensis	MAMMALIA	EUTHERIA	RODENTIA			Muridae	Cricetinae		Cricetulus	beremendensis		2026/06/18 17:48:51.478
Cricetinus europaeus	species	Cricetulus europaeus	MAMMALIA	EUTHERIA	RODENTIA			Muridae	Cricetinae		Cricetulus	europaeus		2026/06/18 17:48:51.478
Cricetinus janossyi	species	Cricetulus janossyi	MAMMALIA	EUTHERIA	RODENTIA			Muridae	Cricetinae		Cricetulus	janossyi		2026/06/18 17:48:51.478
Cricetinus koufosi	species	Cricetulus koufosi	MAMMALIA	EUTHERIA	RODENTIA			Muridae	Cricetinae		Cricetulus	koufosi		2026/06/18 17:48:51.478
Cricetinus mesolophidus	species	Cricetulus mesolophidus	MAMMALIA	EUTHERIA	RODENTIA			Muridae	Cricetinae		Cricetulus	mesolophidus		2026/06/18 17:48:51.478
Cricetus migratorius	species	Cricetulus migratorius	MAMMALIA	EUTHERIA	RODENTIA			Muridae	Cricetinae		Cricetulus	migratorius		2026/06/18 17:48:51.478
Cricetinus varians	species	Cricetulus varians	MAMMALIA	EUTHERIA	RODENTIA			Muridae	Cricetinae		Cricetulus	varians		2026/06/18 17:48:51.478
Ischimomys quadriradicatus	species	Ischymomys quadriradicatus	MAMMALIA	EUTHERIA	RODENTIA			Muridae	Cricetinae		Ischymomys	quadriradicatus		2026/06/18 17:48:51.478
Kowalskia browni	species	Neocricetodon browni	MAMMALIA	EUTHERIA	RODENTIA			Muridae	Cricetinae		Neocricetodon	browni	(Daxner-Höck, 1992)	2026/06/18 17:48:51.478
Kowalskia fahlbuschi	species	Neocricetodon fahlbuschi	MAMMALIA	EUTHERIA	RODENTIA			Muridae	Cricetinae		Neocricetodon	fahlbuschi	(Bachmayer and Wilson, 1970	2026/06/18 17:48:51.478
Kowalskia hanae	species	Neocricetodon hanae	MAMMALIA	EUTHERIA	RODENTIA			Muridae	Cricetinae		Neocricetodon	hanae	(Qiu, 1995)	2026/06/18 17:48:51.478
Kowalskia intermedia	species	Neocricetodon intermedius	MAMMALIA	EUTHERIA	RODENTIA			Muridae	Cricetinae		Neocricetodon	intermedius	(Fejfar, 1970)	2026/06/18 17:48:51.478
Kowalskia lavocati	species	Neocricetodon lavocati	MAMMALIA	EUTHERIA	RODENTIA			Muridae	Cricetinae		Neocricetodon	lavocati		2026/06/18 17:48:51.478
Kowalskia magna	species	Neocricetodon magnus	MAMMALIA	EUTHERIA	RODENTIA			Muridae	Cricetinae		Neocricetodon	magnus	(Fahlbusch, 1969)	2026/06/18 17:48:51.478
Kowalskia moldavica	species	Neocricetodon moldavicus	MAMMALIA	EUTHERIA	RODENTIA			Muridae	Cricetinae		Neocricetodon	moldavicus	(Lungu, 1981)	2026/06/18 17:48:51.478
Kowalskia nestori	species	Neocricetodon nestori	MAMMALIA	EUTHERIA	RODENTIA			Muridae	Cricetinae		Neocricetodon	nestori	(Engesser, 1989)	2026/06/18 17:48:51.478
Kowalskia occidentalis	species	Neocricetodon occidentalis	MAMMALIA	EUTHERIA	RODENTIA			Muridae	Cricetinae		Neocricetodon	occidentalis	(Aguilar, 1982)	2026/06/18 17:48:51.478
Kowalskia neimengensis	species	Neocricetodon polonicus	MAMMALIA	EUTHERIA	RODENTIA			Muridae	Cricetinae		Neocricetodon	polonicus	(Fahlbusch, 1969)	2026/06/18 17:48:51.478
Kowalskia polonica	species	Neocricetodon polonicus	MAMMALIA	EUTHERIA	RODENTIA			Muridae	Cricetinae		Neocricetodon	polonicus	(Fahlbusch, 1969)	2026/06/18 17:48:51.478
Kowalskia zhengi	species	Neocricetodon polonicus	MAMMALIA	EUTHERIA	RODENTIA			Muridae	Cricetinae		Neocricetodon	polonicus	(Fahlbusch, 1969)	2026/06/18 17:48:51.478
Kowalskia progressa	species	Neocricetodon progressus	MAMMALIA	EUTHERIA	RODENTIA			Muridae	Cricetinae		Neocricetodon	progressus	(Topachevsky and Skorik, 1992)	2026/06/18 17:48:51.478
Epicricetodon schaubi	species	Neocricetodon schaubi	MAMMALIA	EUTHERIA	RODENTIA			Muridae	Cricetinae		Neocricetodon	schaubi	(Kretzoi, 1951)	2026/06/18 17:48:51.478
Kowalskia schaubi	species	Neocricetodon schaubi	MAMMALIA	EUTHERIA	RODENTIA			Muridae	Cricetinae		Neocricetodon	schaubi	(Kretzoi, 1951)	2026/06/18 17:48:51.478
Kowalskia seseae	species	Neocricetodon seseae	MAMMALIA	EUTHERIA	RODENTIA			Muridae	Cricetinae		Neocricetodon	seseae	Aguilar, Calvet and Michaux, 1995	2026/06/18 17:48:51.478
Kowalskia similis	species	Neocricetodon similis	MAMMALIA	EUTHERIA	RODENTIA			Muridae	Cricetinae		Neocricetodon	similis	(Wu, 1991)	2026/06/18 17:48:51.478
Karstocricetus skofleki	species	Neocricetodon skofleki	MAMMALIA	EUTHERIA	RODENTIA			Muridae	Cricetinae		Neocricetodon	skofleki	(Kordos, 1987)	2026/06/18 17:48:51.478
Kowalskia skofleki	species	Neocricetodon skofleki	MAMMALIA	EUTHERIA	RODENTIA			Muridae	Cricetinae		Neocricetodon	skofleki	(Kordos, 1987)	2026/06/18 17:48:51.478
Kowalskia yinanensis	species	Neocricetodon yinanensis	MAMMALIA	EUTHERIA	RODENTIA			Muridae	Cricetinae		Neocricetodon	yinanensis	(Zheng, 1984)	2026/06/18 17:48:51.478
Cricetus kormosi	species	Pseudocricetus kormosi	MAMMALIA	EUTHERIA	RODENTIA			Muridae	Cricetinae		Pseudocricetus	kormosi		2026/06/18 17:48:51.478
Cricetus polgardiensis	species	Pseudocricetus polgardiensis	MAMMALIA	EUTHERIA	RODENTIA			Muridae	Cricetinae		Pseudocricetus	polgardiensis		2026/06/18 17:48:51.478
Kowalskia polgardiensis	species	Pseudocricetus polgardiensis	MAMMALIA	EUTHERIA	RODENTIA			Muridae	Cricetinae		Pseudocricetus	polgardiensis		2026/06/18 17:48:51.478
Cricetodon ozansoyi	species	Byzantinia ozansoyi	MAMMALIA	EUTHERIA	RODENTIA			Muridae	Cricetodontinae		Byzantinia	ozansoyi		2026/06/18 17:48:51.478
Byzantinia pasalarensis	species	Cricetodon pasalarensis	MAMMALIA	EUTHERIA	RODENTIA			Muridae	Cricetodontinae		Cricetodon	pasalarensis		2026/06/18 17:48:51.478
Cricetodon lavocati	species	Hispanomys lavocati	MAMMALIA	EUTHERIA	RODENTIA			Muridae	Cricetodontinae		Hispanomys	lavocati		2026/06/18 17:48:51.478
Cricetodon collatum	species	Eucricetodon collatus	MAMMALIA	EUTHERIA	RODENTIA			Muridae	Eucricetodontinae		Eucricetodon	collatus	(Schaub, 1925)	2026/06/18 17:48:51.478
Eucricetodon collatum	species	Eucricetodon collatus	MAMMALIA	EUTHERIA	RODENTIA			Muridae	Eucricetodontinae		Eucricetodon	collatus	(Schaub, 1925)	2026/06/18 17:48:51.478
Mirabella anatolica	species	Mirrabella anatolica	MAMMALIA	EUTHERIA	RODENTIA			Muridae	Eumyarioninae		Mirrabella	anatolica	De Bruijn et al., 1993	2026/06/18 17:48:51.478
Mirabella tuberosa	species	Mirrabella tuberosa	MAMMALIA	EUTHERIA	RODENTIA			Muridae	Eumyarioninae		Mirrabella	tuberosa	De Bruijn et al., 1987	2026/06/18 17:48:51.478
Protatera kabulense	species	Abudhabia kabulense	MAMMALIA	EUTHERIA	RODENTIA			Muridae	Gerbillinae		Abudhabia	kabulense		2026/06/18 17:48:51.478
Dipodillus campestris	species	Gerbillus campestris	MAMMALIA	EUTHERIA	RODENTIA			Muridae	Gerbillinae		Gerbillus	campestris		2026/06/18 17:48:51.478
Parameriones obeidiensis	species	Meriones obeidiensis	MAMMALIA	EUTHERIA	RODENTIA			Muridae	Gerbillinae		Meriones	obeidiensis		2026/06/18 17:48:51.478
Meriones blackleri	species	Meriones tristrami	MAMMALIA	EUTHERIA	RODENTIA			Muridae	Gerbillinae		Meriones	tristrami	Thomas, 1903	2026/06/18 17:48:51.478
Sylvaemus dominans	species	Apodemus dominans	MAMMALIA	EUTHERIA	RODENTIA			Muridae	Murinae		Apodemus	dominans		2026/06/18 17:48:51.478
Rhagapodemus primitivus	species	Apodemus jeanteti	MAMMALIA	EUTHERIA	RODENTIA			Muridae	Murinae		Apodemus	jeanteti		2026/06/18 17:48:51.478
Arvicanthis nilotucus	species	Arvicanthis niloticus	MAMMALIA	EUTHERIA	RODENTIA			Muridae	Murinae		Arvicanthis	niloticus		2026/06/18 17:48:51.478
Chardinomys bilikeensis	species	Chardinomys yusheensis	MAMMALIA	EUTHERIA	RODENTIA			Muridae	Murinae		Chardinomys	yusheensis		2026/06/18 17:48:51.478
Parapodemus pasquierae	species	Huerzelerimys minor	MAMMALIA	EUTHERIA	RODENTIA			Muridae	Murinae		Huerzelerimys	minor		2026/06/18 17:48:51.478
Micromys steffeni	species	Micromys steffensi	MAMMALIA	EUTHERIA	RODENTIA			Muridae	Murinae		Micromys	steffensi	Van de Weerd, 1979	2026/06/18 17:48:51.478
Castillomys debruijni	species	Occitanomys debruijni	MAMMALIA	EUTHERIA	RODENTIA			Muridae	Murinae		Occitanomys	debruijni		2026/06/18 17:48:51.478
Anthracomys ellenbergeri	species	Occitanomys ellenbergeri	MAMMALIA	EUTHERIA	RODENTIA			Muridae	Murinae		Occitanomys	ellenbergeri		2026/06/18 17:48:51.478
Apodemus barbarae	species	Parapodemus barbarae	MAMMALIA	EUTHERIA	RODENTIA			Muridae	Murinae		Parapodemus	barbarae		2026/06/18 17:48:51.478
Apodemus lugdunensis	species	Parapodemus lugdunensis	MAMMALIA	EUTHERIA	RODENTIA			Muridae	Murinae		Parapodemus	lugdunensis		2026/06/18 17:48:51.478
Apodemus meini	species	Parapodemus meini	MAMMALIA	EUTHERIA	RODENTIA			Muridae	Murinae		Parapodemus	meini		2026/06/18 17:48:51.478
Apodemus schaubi	species	Parapodemus schaubi	MAMMALIA	EUTHERIA	RODENTIA			Muridae	Murinae		Parapodemus	schaubi		2026/06/18 17:48:51.478
Sinapodemus ibrahimi	species	Progonomys ibrahimi	MAMMALIA	EUTHERIA	RODENTIA			Muridae	Murinae		Progonomys	ibrahimi		2026/06/18 17:48:51.478
Rhagamys ortodon	species	Rhagamys orthodon	MAMMALIA	EUTHERIA	RODENTIA			Muridae	Murinae		Rhagamys	orthodon		2026/06/18 17:48:51.478
Apodemus primaevus	species	Rhagapodemus primaevus	MAMMALIA	EUTHERIA	RODENTIA			Muridae	Murinae		Rhagapodemus	primaevus		2026/06/18 17:48:51.478
Stephanomys medius	species	Stephanomys cordii	MAMMALIA	EUTHERIA	RODENTIA			Muridae	Murinae		Stephanomys	cordii	Ruiz Bustos, 1986	2026/06/18 17:48:51.478
Prosiphneus eriksoni	species	Prosiphneus ericksoni	MAMMALIA	EUTHERIA	RODENTIA			Muridae	Myospalacinae		Prosiphneus	ericksoni		2026/06/18 17:48:51.478
Repomys panacaensis	species	Repomys panacaenensis	MAMMALIA	EUTHERIA	RODENTIA			Muridae	Neotominae		Repomys	panacaenensis		2026/06/18 17:48:51.478
Mystromys darti	species	Stenodontomys darti	MAMMALIA	EUTHERIA	RODENTIA			Muridae	Nesomyinae		Stenodontomys	darti	(Lavocat, 1956)	2026/06/18 17:48:51.478
Otomys unisulcatus	species	Myotomys unisulcatus	MAMMALIA	EUTHERIA	RODENTIA			Muridae	Otomyinae		Myotomys	unisulcatus		2026/06/18 17:48:51.478
Spalax macoveii	species	Pliospalax macoveii	MAMMALIA	EUTHERIA	RODENTIA			Muridae	Spalacinae		Pliospalax	macoveii		2026/06/18 17:48:51.478
Spalax sotirisi	species	Pliospalax sotirisi	MAMMALIA	EUTHERIA	RODENTIA			Muridae	Spalacinae		Pliospalax	sotirisi		2026/06/18 17:48:51.478
Nannospalax leucodon	species	Spalax leucodon	MAMMALIA	EUTHERIA	RODENTIA			Muridae	Spalacinae		Spalax	leucodon		2026/06/18 17:48:51.478
Microspalax odessanus	species	Spalax odessanus	MAMMALIA	EUTHERIA	RODENTIA			Muridae	Spalacinae		Spalax	odessanus		2026/06/18 17:48:51.478
Nannospalax odessanus	species	Spalax odessanus	MAMMALIA	EUTHERIA	RODENTIA			Muridae	Spalacinae		Spalax	odessanus		2026/06/18 17:48:51.478
Miophiomys arambourgi	species	Myophiomys arambourgi	MAMMALIA	EUTHERIA	RODENTIA			Myophiomyidae			Myophiomys	arambourgi		2026/06/18 17:48:51.478
Talaphiomys lavocati	species	Phiomys lavocati	MAMMALIA	EUTHERIA	RODENTIA	Hystricognathi		Phiomyidae			Phiomys	lavocati		2026/06/18 17:48:51.478
Neophiomys paraphiomyoides	species	Phiomys paraphiomyoides	MAMMALIA	EUTHERIA	RODENTIA	Hystricognathi		Phiomyidae			Phiomys	paraphiomyoides		2026/06/18 17:48:51.478
Atlantoxerus idubedensis	species	Atlantoxerus blacki	MAMMALIA	EUTHERIA	RODENTIA			Sciuridae			Atlantoxerus	blacki		2026/06/18 17:48:51.478
Spermophilinus besana	species	Csakvaromys besana	MAMMALIA	EUTHERIA	RODENTIA			Sciuridae		Marmotini	Csakvaromys	besana		2026/06/18 17:48:51.478
Spermophilinus besanus	species	Csakvaromys besana	MAMMALIA	EUTHERIA	RODENTIA			Sciuridae		Marmotini	Csakvaromys	besana		2026/06/18 17:48:51.478
Spermophilinus bredai	species	Csakvaromys bredai	MAMMALIA	EUTHERIA	RODENTIA			Sciuridae		Marmotini	Csakvaromys	bredai		2026/06/18 17:48:51.478
Spermophilinus debruijni	species	Csakvaromys debruijni	MAMMALIA	EUTHERIA	RODENTIA			Sciuridae		Marmotini	Csakvaromys	debruijni	Daxner-Höck et al., 2022	2026/06/18 17:48:51.478
Spermophilinus giganteus	species	Csakvaromys giganteus	MAMMALIA	EUTHERIA	RODENTIA			Sciuridae		Marmotini	Csakvaromys	giganteus		2026/06/18 17:48:51.478
Spermophilinus minutus	species	Csakvaromys minutus	MAMMALIA	EUTHERIA	RODENTIA			Sciuridae		Marmotini	Csakvaromys	minutus		2026/06/18 17:48:51.478
Spermophilinus orientalis	species	Csakvaromys orientalis	MAMMALIA	EUTHERIA	RODENTIA			Sciuridae		Marmotini	Csakvaromys	orientalis		2026/06/18 17:48:51.478
Spermophilinus praegiganteus	species	Csakvaromys praegiganteus	MAMMALIA	EUTHERIA	RODENTIA			Sciuridae		Marmotini	Csakvaromys	praegiganteus		2026/06/18 17:48:51.478
Csakvaromys turoliensis	species	Csakvaromys turolensis	MAMMALIA	EUTHERIA	RODENTIA			Sciuridae		Marmotini	Csakvaromys	turolensis		2026/06/18 17:48:51.478
Spermophilinus turoliensis	species	Csakvaromys turolensis	MAMMALIA	EUTHERIA	RODENTIA			Sciuridae		Marmotini	Csakvaromys	turolensis		2026/06/18 17:48:51.478
Cryptopterus tobieni	species	Miopetaurista thaleri	MAMMALIA	EUTHERIA	RODENTIA			Sciuridae		Pteromyini	Miopetaurista	thaleri	Mein, 1970	2026/06/18 17:48:51.478
Miopetaurista tobieni	species	Miopetaurista thaleri	MAMMALIA	EUTHERIA	RODENTIA			Sciuridae		Pteromyini	Miopetaurista	thaleri	Mein, 1970	2026/06/18 17:48:51.478
Pliopetaurista rugosus	species	Pliopetaurista rugosa	MAMMALIA	EUTHERIA	RODENTIA			Sciuridae		Pteromyini	Pliopetaurista	rugosa		2026/06/18 17:48:51.478
Callosciurus finalysoni	species	Callosciurus finlaysoni	MAMMALIA	EUTHERIA	RODENTIA			Sciuridae	Sciurinae		Callosciurus	finlaysoni		2026/06/18 17:48:51.478
Ratufa obtusidens	species	Dehmisciurus obtusidens	MAMMALIA	EUTHERIA	RODENTIA			Sciuridae	Sciurinae		Dehmisciurus	obtusidens		2026/06/18 17:48:51.478
Arctomys robustus	species	Marmota robusta	MAMMALIA	EUTHERIA	RODENTIA			Sciuridae	Sciurinae		Marmota	robusta		2026/06/18 17:48:51.478
Tamias atsali	species	Sinotamias atsali	MAMMALIA	EUTHERIA	RODENTIA			Sciuridae	Xerinae		Sinotamias	atsali	(De Bruijn, 1995)	2026/06/18 17:48:51.478
Prospermophilus orientalis	species	Sinotamias orientalis	MAMMALIA	EUTHERIA	RODENTIA			Sciuridae	Xerinae		Sinotamias	orientalis	(Qiu, 1991)	2026/06/18 17:48:51.478
Tamias anatoliensis	species	Sinotamias primitivus	MAMMALIA	EUTHERIA	RODENTIA			Sciuridae	Xerinae		Sinotamias	primitivus	Qiu, 1996	2026/06/18 17:48:51.478
Neosciuromys stromeri	species	Apodecter stromeri	MAMMALIA	EUTHERIA	RODENTIA			Thryonomyidae			Apodecter	stromeri		2026/06/18 17:48:51.478
Kirtharia geespei	species	Kochalia geespei	MAMMALIA	EUTHERIA	RODENTIA			Thryonomyidae			Kochalia	geespei		2026/06/18 17:48:51.478
Phthinylla fracta	species	Neosciuromys africanus	MAMMALIA	EUTHERIA	RODENTIA			Thryonomyidae			Neosciuromys	africanus		2026/06/18 17:48:51.478
Neosciuromys  simonsi	species	Paraphiomys simonsi	MAMMALIA	EUTHERIA	RODENTIA			Thryonomyidae			Paraphiomys	simonsi		2026/06/18 17:48:51.478
Paraphiomys simonsi.	species	Paraphiomys simonsi	MAMMALIA	EUTHERIA	RODENTIA			Thryonomyidae			Paraphiomys	simonsi		2026/06/18 17:48:51.478
Neosciuromys johanesi	species	Paraulacodus johanesi	MAMMALIA	EUTHERIA	RODENTIA			Thryonomyidae			Paraulacodus	johanesi		2026/06/18 17:48:51.478
Nacimientotherium silvestri	species	Nacimientotherium silvestrei	MAMMALIA	EUTHERIA	CIMOLESTA	Tillodontia		Esthonychidae			Nacimientotherium	silvestrei		2026/06/18 17:48:51.478
Viretius goeriachensis	species	Alopecocyon goeriachensis	MAMMALIA	EUTHERIA	CARNIVORA	Caniformia		Ailuridae			Alopecocyon	goeriachensis		2026/06/18 17:48:51.478
Metarctos batalleri	species	Simocyon batalleri	MAMMALIA	EUTHERIA	CARNIVORA	Caniformia		Ailuridae	Simocyoninae		Simocyon	batalleri		2026/06/18 17:48:51.478
Simocyon primigenium	species	Simocyon primigenius	MAMMALIA	EUTHERIA	CARNIVORA	Caniformia		Ailuridae	Simocyoninae		Simocyon	primigenius		2026/06/18 17:48:51.478
Amphicyonodon teilhardi	species	Amphicynodon teilhardi	MAMMALIA	EUTHERIA	CARNIVORA			Amphicynodontidae			Amphicynodon	teilhardi		2026/06/18 17:48:51.478
Amphicyon brevifacialis	species	Aktaucyon brachifacialis	MAMMALIA	EUTHERIA	CARNIVORA	Caniformia		Amphicyonidae			Aktaucyon	brachifacialis		2026/06/18 17:48:51.478
Amphicyon serus	species	Amphicyonopsis serus	MAMMALIA	EUTHERIA	CARNIVORA	Caniformia		Amphicyonidae			Amphicyonopsis	serus		2026/06/18 17:48:51.478
Amphicyon intermedius	species	Crassidia intermedia	MAMMALIA	EUTHERIA	CARNIVORA	Caniformia		Amphicyonidae			Crassidia	intermedia		2026/06/18 17:48:51.478
Pseudocyon intermedius	species	Crassidia intermedia	MAMMALIA	EUTHERIA	CARNIVORA	Caniformia		Amphicyonidae			Crassidia	intermedia		2026/06/18 17:48:51.478
Amphicyon castellanus	species	Magericyon castellanus	MAMMALIA	EUTHERIA	CARNIVORA	Caniformia		Amphicyonidae			Magericyon	castellanus		2026/06/18 17:48:51.478
Alopecocyon getti	species	Meiniogale getti	MAMMALIA	EUTHERIA	CARNIVORA	Caniformia		Amphicyonidae			Meiniogale	getti	(Mein, 1958)	2026/06/18 17:48:51.478
Agnotherium grivensis	species	Agnotherium grivense	MAMMALIA	EUTHERIA	CARNIVORA	Caniformia		Amphicyonidae	Amphicyoninae		Agnotherium	grivense		2026/06/18 17:48:51.478
Paludocyon bohemicus	species	Amphicyon bohemicus	MAMMALIA	EUTHERIA	CARNIVORA	Caniformia		Amphicyonidae	Amphicyoninae		Amphicyon	bohemicus		2026/06/18 17:48:51.478
Megamphicyon giganteus	species	Amphicyon giganteus	MAMMALIA	EUTHERIA	CARNIVORA	Caniformia		Amphicyonidae	Amphicyoninae		Amphicyon	giganteus		2026/06/18 17:48:51.478
Amphicyon pyrenaicus	species	Amphicyon major	MAMMALIA	EUTHERIA	CARNIVORA	Caniformia		Amphicyonidae	Amphicyoninae		Amphicyon	major		2026/06/18 17:48:51.478
Amphicyon crassidens	species	Cynelos crassidens	MAMMALIA	EUTHERIA	CARNIVORA	Caniformia		Amphicyonidae	Amphicyoninae		Cynelos	crassidens		2026/06/18 17:48:51.478
Haplocyonopsis crassidens	species	Cynelos crassidens	MAMMALIA	EUTHERIA	CARNIVORA	Caniformia		Amphicyonidae	Amphicyoninae		Cynelos	crassidens		2026/06/18 17:48:51.478
Hecubides euryodon	species	Cynelos euryodon	MAMMALIA	EUTHERIA	CARNIVORA	Caniformia		Amphicyonidae	Amphicyoninae		Cynelos	euryodon		2026/06/18 17:48:51.478
Hecubides macrodon	species	Cynelos macrodon	MAMMALIA	EUTHERIA	CARNIVORA	Caniformia		Amphicyonidae	Amphicyoninae		Cynelos	macrodon	SV	2026/06/18 17:48:51.478
Hecubides minor	species	Cynelos minor	MAMMALIA	EUTHERIA	CARNIVORA	Caniformia		Amphicyonidae	Amphicyoninae		Cynelos	minor	SV	2026/06/18 17:48:51.478
Demicyon schlosseri	species	Cynelos schlosseri	MAMMALIA	EUTHERIA	CARNIVORA	Caniformia		Amphicyonidae	Amphicyoninae		Cynelos	schlosseri		2026/06/18 17:48:51.478
Amphicyon caucasicus	species	Pseudocyon caucasicus	MAMMALIA	EUTHERIA	CARNIVORA	Caniformia		Amphicyonidae	Amphicyoninae		Pseudocyon	caucasicus		2026/06/18 17:48:51.478
Amphicyon steinheimensis	species	Pseudocyon steinheimensis	MAMMALIA	EUTHERIA	CARNIVORA	Caniformia		Amphicyonidae	Amphicyoninae		Pseudocyon	steinheimensis		2026/06/18 17:48:51.478
Amphicyon superbus	species	Daphoenodon superbus	MAMMALIA	EUTHERIA	CARNIVORA	Caniformia		Amphicyonidae	Daphoeninae		Daphoenodon	superbus	(Peterson, 1907)	2026/06/18 17:48:51.478
Metailurus africanus	species	Afrosmilus africanus	MAMMALIA	EUTHERIA	CARNIVORA			Barbourofelidae			Afrosmilus	africanus		2026/06/18 17:48:51.478
Pseudaelurus africanus	species	Afrosmilus africanus	MAMMALIA	EUTHERIA	CARNIVORA			Barbourofelidae			Afrosmilus	africanus		2026/06/18 17:48:51.478
Sansanosmilus jourdani	species	Albanosmilus jourdani	MAMMALIA	EUTHERIA	CARNIVORA			Barbourofelidae			Albanosmilus	jourdani		2026/06/18 17:48:51.478
Sansanosmilus piveteaui	species	Barbourofelis piveteaui	MAMMALIA	EUTHERIA	CARNIVORA			Barbourofelidae			Barbourofelis	piveteaui		2026/06/18 17:48:51.478
Machairodus palmidens	species	Sansanosmilus palmidens	MAMMALIA	EUTHERIA	CARNIVORA			Barbourofelidae			Sansanosmilus	palmidens		2026/06/18 17:48:51.478
Barbourofelis vallesiensis	species	Sansanosmilus vallesiensis	MAMMALIA	EUTHERIA	CARNIVORA			Barbourofelidae			Sansanosmilus	vallesiensis		2026/06/18 17:48:51.478
Lycoan magnus	species	Lycaon magnus	MAMMALIA	EUTHERIA	CARNIVORA	Caniformia		Canidae			Lycaon	magnus		2026/06/18 17:48:51.478
Canis trinilensis	species	Mececyon trinilensis	MAMMALIA	EUTHERIA	CARNIVORA	Caniformia		Canidae			Mececyon	trinilensis		2026/06/18 17:48:51.478
Cuon trinilensis	species	Mececyon trinilensis	MAMMALIA	EUTHERIA	CARNIVORA	Caniformia		Canidae			Mececyon	trinilensis		2026/06/18 17:48:51.478
Canis petenyi	species	Nyctereutes petenyi	MAMMALIA	EUTHERIA	CARNIVORA	Caniformia		Canidae			Nyctereutes	petenyi		2026/06/18 17:48:51.478
Cuon dubius	species	Xenocyon dubius	MAMMALIA	EUTHERIA	CARNIVORA	Caniformia		Canidae			Xenocyon	dubius		2026/06/18 17:48:51.478
Sinicuon dubios	species	Xenocyon dubius	MAMMALIA	EUTHERIA	CARNIVORA	Caniformia		Canidae			Xenocyon	dubius		2026/06/18 17:48:51.478
Canis falconeri	species	Xenocyon falconeri	MAMMALIA	EUTHERIA	CARNIVORA	Caniformia		Canidae			Xenocyon	falconeri		2026/06/18 17:48:51.478
Lycaon falconeri	species	Xenocyon falconeri	MAMMALIA	EUTHERIA	CARNIVORA	Caniformia		Canidae			Xenocyon	falconeri		2026/06/18 17:48:51.478
Canis lycanoides	species	Xenocyon lycaonoides	MAMMALIA	EUTHERIA	CARNIVORA	Caniformia		Canidae			Xenocyon	lycaonoides		2026/06/18 17:48:51.478
Lycaon lycaonoides	species	Xenocyon lycaonoides	MAMMALIA	EUTHERIA	CARNIVORA	Caniformia		Canidae			Xenocyon	lycaonoides		2026/06/18 17:48:51.478
Lycoan lyconoides	species	Xenocyon lycaonoides	MAMMALIA	EUTHERIA	CARNIVORA	Caniformia		Canidae			Xenocyon	lycaonoides		2026/06/18 17:48:51.478
Xenocyon lycaonoides	species	Xenocyon lycaonoides	MAMMALIA	EUTHERIA	CARNIVORA	Caniformia		Canidae			Xenocyon	lycaonoides		2026/06/18 17:48:51.478
Strobodon stirtoni	species	Aelurodon stirtoni	MAMMALIA	EUTHERIA	CARNIVORA	Caniformia		Canidae	Borophaginae		Aelurodon	stirtoni		2026/06/18 17:48:51.478
Hesperocyon leptodus	species	Archaeocyon leptodus	MAMMALIA	EUTHERIA	CARNIVORA	Caniformia		Canidae	Borophaginae		Archaeocyon	leptodus		2026/06/18 17:48:51.478
Nothocyon leptodus	species	Archaeocyon leptodus	MAMMALIA	EUTHERIA	CARNIVORA	Caniformia		Canidae	Borophaginae		Archaeocyon	leptodus		2026/06/18 17:48:51.478
Hesperocyon pavidus	species	Archaeocyon pavidus	MAMMALIA	EUTHERIA	CARNIVORA	Caniformia		Canidae	Borophaginae		Archaeocyon	pavidus		2026/06/18 17:48:51.478
Pseudocynodictis pavidus	species	Archaeocyon pavidus	MAMMALIA	EUTHERIA	CARNIVORA	Caniformia		Canidae	Borophaginae		Archaeocyon	pavidus		2026/06/18 17:48:51.478
Osteoborus dudleyi	species	Borophagus dudleyi	MAMMALIA	EUTHERIA	CARNIVORA	Caniformia		Canidae	Borophaginae		Borophagus	dudleyi		2026/06/18 17:48:51.478
Osteoborus hilli	species	Borophagus hilli	MAMMALIA	EUTHERIA	CARNIVORA	Caniformia		Canidae	Borophaginae		Borophagus	hilli		2026/06/18 17:48:51.478
Epicyon littoralis	species	Borophagus littoralis	MAMMALIA	EUTHERIA	CARNIVORA	Caniformia		Canidae	Borophaginae		Borophagus	littoralis		2026/06/18 17:48:51.478
Osteoborus orc	species	Borophagus orc	MAMMALIA	EUTHERIA	CARNIVORA	Caniformia		Canidae	Borophaginae		Borophagus	orc		2026/06/18 17:48:51.478
Osteoborus pugnator	species	Borophagus pugnator	MAMMALIA	EUTHERIA	CARNIVORA	Caniformia		Canidae	Borophaginae		Borophagus	pugnator		2026/06/18 17:48:51.478
Osteoborus cyonoides	species	Borophagus secundus	MAMMALIA	EUTHERIA	CARNIVORA	Caniformia		Canidae	Borophaginae		Borophagus	secundus		2026/06/18 17:48:51.478
Osteoborus direptor	species	Borophagus secundus	MAMMALIA	EUTHERIA	CARNIVORA	Caniformia		Canidae	Borophaginae		Borophagus	secundus		2026/06/18 17:48:51.478
Osteoborus secundus	species	Borophagus secundus	MAMMALIA	EUTHERIA	CARNIVORA	Caniformia		Canidae	Borophaginae		Borophagus	secundus		2026/06/18 17:48:51.478
Carpocyon cuspidatus	species	Carpocyon compressus	MAMMALIA	EUTHERIA	CARNIVORA	Caniformia		Canidae	Borophaginae		Carpocyon	compressus		2026/06/18 17:48:51.478
Tomarctus robustus	species	Carpocyon robustus	MAMMALIA	EUTHERIA	CARNIVORA	Caniformia		Canidae	Borophaginae		Carpocyon	robustus		2026/06/18 17:48:51.478
Nothocyon geismarianus	species	Cormocyon haydeni	MAMMALIA	EUTHERIA	CARNIVORA	Caniformia		Canidae	Borophaginae		Cormocyon	haydeni		2026/06/18 17:48:51.478
Nothocyon lemur	species	Cynarctoides lemur	MAMMALIA	EUTHERIA	CARNIVORA	Caniformia		Canidae	Borophaginae		Cynarctoides	lemur		2026/06/18 17:48:51.478
Tomarctus marylandica	species	Cynarctus marylandica	MAMMALIA	EUTHERIA	CARNIVORA	Caniformia		Canidae	Borophaginae		Cynarctus	marylandica		2026/06/18 17:48:51.478
Tomarctus thompsoni	species	Desmocyon thomsoni	MAMMALIA	EUTHERIA	CARNIVORA	Caniformia		Canidae	Borophaginae		Desmocyon	thomsoni		2026/06/18 17:48:51.478
Euoplocyon brachygnathus	species	Euoplocyon praedator	MAMMALIA	EUTHERIA	CARNIVORA	Caniformia		Canidae	Borophaginae		Euoplocyon	praedator		2026/06/18 17:48:51.478
Tomarctus canavus	species	Metatomarctus canavus	MAMMALIA	EUTHERIA	CARNIVORA	Caniformia		Canidae	Borophaginae		Metatomarctus	canavus		2026/06/18 17:48:51.478
Tomarctus confertus	species	Microtomarctus conferta	MAMMALIA	EUTHERIA	CARNIVORA	Caniformia		Canidae	Borophaginae		Microtomarctus	conferta		2026/06/18 17:48:51.478
Tomarctus kellogi	species	Paracynarctus kellogi	MAMMALIA	EUTHERIA	CARNIVORA	Caniformia		Canidae	Borophaginae		Paracynarctus	kellogi		2026/06/18 17:48:51.478
Tomarctus euthos	species	Paratomarctus euthos	MAMMALIA	EUTHERIA	CARNIVORA	Caniformia		Canidae	Borophaginae		Paratomarctus	euthos		2026/06/18 17:48:51.478
Tomarctus temerarius	species	Paratomarctus temerarius	MAMMALIA	EUTHERIA	CARNIVORA	Caniformia		Canidae	Borophaginae		Paratomarctus	temerarius		2026/06/18 17:48:51.478
Bassariscops achoros	species	Phlaocyon achoros	MAMMALIA	EUTHERIA	CARNIVORA	Caniformia		Canidae	Borophaginae		Phlaocyon	achoros		2026/06/18 17:48:51.478
Bassariscops willistoni	species	Phlaocyon annectens	MAMMALIA	EUTHERIA	CARNIVORA	Caniformia		Canidae	Borophaginae		Phlaocyon	annectens	(Peterson, 1907)	2026/06/18 17:48:51.478
Nothcyon annectens	species	Phlaocyon annectens	MAMMALIA	EUTHERIA	CARNIVORA	Caniformia		Canidae	Borophaginae		Phlaocyon	annectens	(Peterson, 1907)	2026/06/18 17:48:51.478
Nothocyon latidens	species	Phlaocyon latidens	MAMMALIA	EUTHERIA	CARNIVORA	Caniformia		Canidae	Borophaginae		Phlaocyon	latidens		2026/06/18 17:48:51.478
Cynodesmus minor	species	Phlaocyon minor	MAMMALIA	EUTHERIA	CARNIVORA	Caniformia		Canidae	Borophaginae		Phlaocyon	minor		2026/06/18 17:48:51.478
Aletocyon multicuspis	species	Phlaocyon multicuspis	MAMMALIA	EUTHERIA	CARNIVORA	Caniformia		Canidae	Borophaginae		Phlaocyon	multicuspis		2026/06/18 17:48:51.478
Prototomarctus optatus	species	Protomarctus optatus	MAMMALIA	EUTHERIA	CARNIVORA	Caniformia		Canidae	Borophaginae		Protomarctus	optatus		2026/06/18 17:48:51.478
Tomarctus optatus	species	Protomarctus optatus	MAMMALIA	EUTHERIA	CARNIVORA	Caniformia		Canidae	Borophaginae		Protomarctus	optatus		2026/06/18 17:48:51.478
Tomarctus rurestris	species	Tephrocyon rurestris	MAMMALIA	EUTHERIA	CARNIVORA	Caniformia		Canidae	Borophaginae		Tephrocyon	rurestris		2026/06/18 17:48:51.478
Tomarctus hippophagus	species	Tomarctus hippophaga	MAMMALIA	EUTHERIA	CARNIVORA	Caniformia		Canidae	Borophaginae		Tomarctus	hippophaga		2026/06/18 17:48:51.478
Eucyon brevirostris	species	Canis brevirostris	MAMMALIA	EUTHERIA	CARNIVORA	Caniformia		Canidae	Caninae		Canis	brevirostris		2026/06/18 17:48:51.478
Canis familiaris	species	Canis lupus	MAMMALIA	EUTHERIA	CARNIVORA	Caniformia		Canidae	Caninae		Canis	lupus		2026/06/18 17:48:51.478
Canis spelaeus	species	Canis lupus	MAMMALIA	EUTHERIA	CARNIVORA	Caniformia		Canidae	Caninae		Canis	lupus		2026/06/18 17:48:51.478
Lupulella mesomelas	species	Canis mesomelas	MAMMALIA	EUTHERIA	CARNIVORA	Caniformia		Canidae	Caninae		Canis	mesomelas	Schreber, 1775	2026/06/18 17:48:51.478
Canis parmidens	species	Canis palmidens	MAMMALIA	EUTHERIA	CARNIVORA	Caniformia		Canidae	Caninae		Canis	palmidens		2026/06/18 17:48:51.478
Vulpes adoxus	species	Eucyon adoxus	MAMMALIA	EUTHERIA	CARNIVORA	Caniformia		Canidae	Caninae		Eucyon	adoxus		2026/06/18 17:48:51.478
Canis cipio	species	Eucyon cipio	MAMMALIA	EUTHERIA	CARNIVORA	Caniformia		Canidae	Caninae		Eucyon	cipio		2026/06/18 17:48:51.478
Canis davisi	species	Eucyon davisi	MAMMALIA	EUTHERIA	CARNIVORA	Caniformia		Canidae	Caninae		Eucyon	davisi		2026/06/18 17:48:51.478
Canis kuruksaensis	species	Eucyon kuruksaensis	MAMMALIA	EUTHERIA	CARNIVORA	Caniformia		Canidae	Caninae		Eucyon	kuruksaensis		2026/06/18 17:48:51.478
Canis michauxi	species	Eucyon michauxi	MAMMALIA	EUTHERIA	CARNIVORA	Caniformia		Canidae	Caninae		Eucyon	michauxi		2026/06/18 17:48:51.478
Canis chihliensisvar.minor	species	Eucyon minor	MAMMALIA	EUTHERIA	CARNIVORA	Caniformia		Canidae	Caninae		Eucyon	minor	(Teilhard de Chardin and Piveteau, 1930)	2026/06/18 17:48:51.478
Canis adustus	species	Lupulella adustus	MAMMALIA	EUTHERIA	CARNIVORA	Caniformia		Canidae	Caninae		Lupulella	adustus		2026/06/18 17:48:51.478
Vulpes praecorsac	species	Vulpes alopecoides	MAMMALIA	EUTHERIA	CARNIVORA	Caniformia		Canidae	Caninae		Vulpes	alopecoides		2026/06/18 17:48:51.478
Vulpes praeglacialis	species	Vulpes alopecoides	MAMMALIA	EUTHERIA	CARNIVORA	Caniformia		Canidae	Caninae		Vulpes	alopecoides		2026/06/18 17:48:51.478
Alopex lagopus	species	Vulpes lagopus	MAMMALIA	EUTHERIA	CARNIVORA	Caniformia		Canidae	Caninae		Vulpes	lagopus		2026/06/18 17:48:51.478
Vulpes rueppeli	species	Vulpes rueppelii	MAMMALIA	EUTHERIA	CARNIVORA	Caniformia		Canidae	Caninae		Vulpes	rueppelii		2026/06/18 17:48:51.478
Vulpes atlantica	species	Vulpes vulpes	MAMMALIA	EUTHERIA	CARNIVORA	Caniformia		Canidae	Caninae		Vulpes	vulpes		2026/06/18 17:48:51.478
Vulpes tschiliensis	species	Vulpes vulpes	MAMMALIA	EUTHERIA	CARNIVORA	Caniformia		Canidae	Caninae		Vulpes	vulpes		2026/06/18 17:48:51.478
Vulpes vulgaris	species	Vulpes vulpes	MAMMALIA	EUTHERIA	CARNIVORA	Caniformia		Canidae	Caninae		Vulpes	vulpes		2026/06/18 17:48:51.478
Allodesmus courseni	species	Atopotarus courseni	MAMMALIA	EUTHERIA	CARNIVORA	Pinnipedia		Desmatophocidae			Atopotarus	courseni		2026/06/18 17:48:51.478
Metailurus acerensis	species	Fortunictis acerensis	MAMMALIA	EUTHERIA	CARNIVORA	Feliformia		Felidae			Fortunictis	acerensis		2026/06/18 17:48:51.478
Pseudaelurus major	species	Metailurus major	MAMMALIA	EUTHERIA	CARNIVORA	Feliformia		Felidae			Metailurus	major		2026/06/18 17:48:51.478
Metailurus minor	species	Metailurus parvulus	MAMMALIA	EUTHERIA	CARNIVORA	Feliformia		Felidae			Metailurus	parvulus		2026/06/18 17:48:51.478
Diamantofelis minor	species	Namafelis minor	MAMMALIA	EUTHERIA	CARNIVORA	Feliformia		Felidae			Namafelis	minor		2026/06/18 17:48:51.478
Machairodus maximiliani	species	Paramachaerodus maximiliani	MAMMALIA	EUTHERIA	CARNIVORA	Feliformia		Felidae			Paramachaerodus	maximiliani		2026/06/18 17:48:51.478
Paramachairodus maximiliani	species	Paramachaerodus maximiliani	MAMMALIA	EUTHERIA	CARNIVORA	Feliformia		Felidae			Paramachaerodus	maximiliani		2026/06/18 17:48:51.478
Felis orientalis	species	Paramachaerodus orientalis	MAMMALIA	EUTHERIA	CARNIVORA	Feliformia		Felidae			Paramachaerodus	orientalis		2026/06/18 17:48:51.478
Felis schlosseri	species	Paramachaerodus orientalis	MAMMALIA	EUTHERIA	CARNIVORA	Feliformia		Felidae			Paramachaerodus	orientalis		2026/06/18 17:48:51.478
Machaerodus schlosseri	species	Paramachaerodus orientalis	MAMMALIA	EUTHERIA	CARNIVORA	Feliformia		Felidae			Paramachaerodus	orientalis		2026/06/18 17:48:51.478
Machairodus hungaricus	species	Paramachaerodus orientalis	MAMMALIA	EUTHERIA	CARNIVORA	Feliformia		Felidae			Paramachaerodus	orientalis		2026/06/18 17:48:51.478
Machairodus orientalis	species	Paramachaerodus orientalis	MAMMALIA	EUTHERIA	CARNIVORA	Feliformia		Felidae			Paramachaerodus	orientalis		2026/06/18 17:48:51.478
Machairodus schlosseri	species	Paramachaerodus orientalis	MAMMALIA	EUTHERIA	CARNIVORA	Feliformia		Felidae			Paramachaerodus	orientalis		2026/06/18 17:48:51.478
Metailurus orientalis	species	Paramachaerodus orientalis	MAMMALIA	EUTHERIA	CARNIVORA	Feliformia		Felidae			Paramachaerodus	orientalis		2026/06/18 17:48:51.478
Paramachaerodus hungaricus	species	Paramachaerodus orientalis	MAMMALIA	EUTHERIA	CARNIVORA	Feliformia		Felidae			Paramachaerodus	orientalis		2026/06/18 17:48:51.478
Paramachairodus orientalis	species	Paramachaerodus orientalis	MAMMALIA	EUTHERIA	CARNIVORA	Feliformia		Felidae			Paramachaerodus	orientalis		2026/06/18 17:48:51.478
Paramachairodus schlosseri	species	Paramachaerodus orientalis	MAMMALIA	EUTHERIA	CARNIVORA	Feliformia		Felidae			Paramachaerodus	orientalis		2026/06/18 17:48:51.478
Pontosmilus orientalis	species	Paramachaerodus orientalis	MAMMALIA	EUTHERIA	CARNIVORA	Feliformia		Felidae			Paramachaerodus	orientalis		2026/06/18 17:48:51.478
Propontosmilus matthewi	species	Paramachaerodus orientalis	MAMMALIA	EUTHERIA	CARNIVORA	Feliformia		Felidae			Paramachaerodus	orientalis		2026/06/18 17:48:51.478
Felis attica	species	Pristifelis attica	MAMMALIA	EUTHERIA	CARNIVORA	Feliformia		Felidae			Pristifelis	attica		2026/06/18 17:48:51.478
Paramachaerodus ogygius	species	Promegantereon ogygia	MAMMALIA	EUTHERIA	CARNIVORA	Feliformia		Felidae			Promegantereon	ogygia		2026/06/18 17:48:51.478
Paramachairodus ogygia	species	Promegantereon ogygia	MAMMALIA	EUTHERIA	CARNIVORA	Feliformia		Felidae			Promegantereon	ogygia		2026/06/18 17:48:51.478
Pontosmilus ogygia	species	Promegantereon ogygia	MAMMALIA	EUTHERIA	CARNIVORA	Feliformia		Felidae			Promegantereon	ogygia		2026/06/18 17:48:51.478
Felis quadridentata	species	Pseudaelurus quadridentatus	MAMMALIA	EUTHERIA	CARNIVORA	Feliformia		Felidae			Pseudaelurus	quadridentatus		2026/06/18 17:48:51.478
Pseudaelurus lorteti	species	Styriofelis lorteti	MAMMALIA	EUTHERIA	CARNIVORA	Feliformia		Felidae			Styriofelis	lorteti		2026/06/18 17:48:51.478
Pseudaelurus transitorius	species	Styriofelis turnauensis	MAMMALIA	EUTHERIA	CARNIVORA	Feliformia		Felidae			Styriofelis	turnauensis		2026/06/18 17:48:51.478
Pseudaelurus turnauensis	species	Styriofelis turnauensis	MAMMALIA	EUTHERIA	CARNIVORA	Feliformia		Felidae			Styriofelis	turnauensis		2026/06/18 17:48:51.478
Sivafelis brachygnathus	species	Acinonyx brachygnathus	MAMMALIA	EUTHERIA	CARNIVORA	Feliformia		Felidae	Felinae		Acinonyx	brachygnathus		2026/06/18 17:48:51.478
Sivapanthera brachygnathus	species	Acinonyx brachygnathus	MAMMALIA	EUTHERIA	CARNIVORA	Feliformia		Felidae	Felinae		Acinonyx	brachygnathus		2026/06/18 17:48:51.478
Felis crassidens	species	Acinonyx crassidens	MAMMALIA	EUTHERIA	CARNIVORA	Feliformia		Felidae	Felinae		Acinonyx	crassidens		2026/06/18 17:48:51.478
Panthera crassidens	species	Acinonyx crassidens	MAMMALIA	EUTHERIA	CARNIVORA	Feliformia		Felidae	Felinae		Acinonyx	crassidens		2026/06/18 17:48:51.478
Acinonyx pamiroalajensis	species	Acinonyx pardinensis	MAMMALIA	EUTHERIA	CARNIVORA	Feliformia		Felidae	Felinae		Acinonyx	pardinensis		2026/06/18 17:48:51.478
Cynaelurus pleistocaenicus	species	Acinonyx pleistocaenicus	MAMMALIA	EUTHERIA	CARNIVORA	Feliformia		Felidae	Felinae		Acinonyx	pleistocaenicus		2026/06/18 17:48:51.478
Sivapanthera pleistocaenicus	species	Acinonyx pleistocaenicus	MAMMALIA	EUTHERIA	CARNIVORA	Feliformia		Felidae	Felinae		Acinonyx	pleistocaenicus		2026/06/18 17:48:51.478
Felis caracal	species	Caracal caracal	MAMMALIA	EUTHERIA	CARNIVORA	Feliformia		Felidae	Felinae		Caracal	caracal		2026/06/18 17:48:51.478
Felis sylvestris	species	Felis silvestris	MAMMALIA	EUTHERIA	CARNIVORA	Feliformia		Felidae	Felinae		Felis	silvestris		2026/06/18 17:48:51.478
Panthera teilhardi	species	Felis teilhardi	MAMMALIA	EUTHERIA	CARNIVORA	Feliformia		Felidae	Felinae		Felis	teilhardi		2026/06/18 17:48:51.478
Felis vireti	species	Felis vireti	MAMMALIA	EUTHERIA	CARNIVORA	Feliformia		Felidae	Felinae		Felis	vireti		2026/06/18 17:48:51.478
Pseudaelurus vireti	species	Felis vireti	MAMMALIA	EUTHERIA	CARNIVORA	Feliformia		Felidae	Felinae		Felis	vireti		2026/06/18 17:48:51.478
Puma yagouaroundi	species	Herpailurus yagouaroundi	MAMMALIA	EUTHERIA	CARNIVORA	Feliformia		Felidae	Felinae		Herpailurus	yagouaroundi		2026/06/18 17:48:51.478
Pseudailurus aeluroides	species	Hyperailurictis aeluroides	MAMMALIA	EUTHERIA	CARNIVORA	Feliformia		Felidae	Felinae		Hyperailurictis	aeluroides		2026/06/18 17:48:51.478
Pseudailurus intrepidus	species	Hyperailurictis intrepidus	MAMMALIA	EUTHERIA	CARNIVORA	Feliformia		Felidae	Felinae		Hyperailurictis	intrepidus		2026/06/18 17:48:51.478
Pseudailurus marshi	species	Hyperailurictis marshi	MAMMALIA	EUTHERIA	CARNIVORA	Feliformia		Felidae	Felinae		Hyperailurictis	marshi		2026/06/18 17:48:51.478
Pseudailurus skinneri	species	Hyperailurictis skinneri	MAMMALIA	EUTHERIA	CARNIVORA	Feliformia		Felidae	Felinae		Hyperailurictis	skinneri		2026/06/18 17:48:51.478
Pseudailurus stouti	species	Hyperailurictis stouti	MAMMALIA	EUTHERIA	CARNIVORA	Feliformia		Felidae	Felinae		Hyperailurictis	stouti		2026/06/18 17:48:51.478
Pseudailurus validus	species	Hyperailurictis validus	MAMMALIA	EUTHERIA	CARNIVORA	Feliformia		Felidae	Felinae		Hyperailurictis	validus		2026/06/18 17:48:51.478
Felis serval	species	Leptailurus serval	MAMMALIA	EUTHERIA	CARNIVORA	Feliformia		Felidae	Felinae		Leptailurus	serval		2026/06/18 17:48:51.478
Leptailurus hintoni	species	Leptailurus serval	MAMMALIA	EUTHERIA	CARNIVORA	Feliformia		Felidae	Felinae		Leptailurus	serval		2026/06/18 17:48:51.478
Caracal issiodorensis	species	Lynx issiodorensis	MAMMALIA	EUTHERIA	CARNIVORA	Feliformia		Felidae	Felinae		Lynx	issiodorensis		2026/06/18 17:48:51.478
Lynx brevirostris	species	Lynx issiodorensis	MAMMALIA	EUTHERIA	CARNIVORA	Feliformia		Felidae	Felinae		Lynx	issiodorensis		2026/06/18 17:48:51.478
Lynx pardina	species	Lynx pardinus	MAMMALIA	EUTHERIA	CARNIVORA	Feliformia		Felidae	Felinae		Lynx	pardinus		2026/06/18 17:48:51.478
Felis gombaszoegensis	species	Panthera gombaszoegensis	MAMMALIA	EUTHERIA	CARNIVORA	Feliformia		Felidae	Felinae		Panthera	gombaszoegensis		2026/06/18 17:48:51.478
Panthera onca	species	Panthera gombaszoegensis	MAMMALIA	EUTHERIA	CARNIVORA	Feliformia		Felidae	Felinae		Panthera	gombaszoegensis		2026/06/18 17:48:51.478
Felis pardus	species	Panthera pardus	MAMMALIA	EUTHERIA	CARNIVORA	Feliformia		Felidae	Felinae		Panthera	pardus		2026/06/18 17:48:51.478
Felis sinensis	species	Panthera pardus	MAMMALIA	EUTHERIA	CARNIVORA	Feliformia		Felidae	Felinae		Panthera	pardus		2026/06/18 17:48:51.478
Panthera fossilis	species	Panthera spelaea	MAMMALIA	EUTHERIA	CARNIVORA	Feliformia		Felidae	Felinae		Panthera	spelaea		2026/06/18 17:48:51.478
Felis tigris	species	Panthera tigris	MAMMALIA	EUTHERIA	CARNIVORA	Feliformia		Felidae	Felinae		Panthera	tigris		2026/06/18 17:48:51.478
Felis bengalensis	species	Prionailurus bengalensis	MAMMALIA	EUTHERIA	CARNIVORA	Feliformia		Felidae	Felinae		Prionailurus	bengalensis		2026/06/18 17:48:51.478
Felis chinensis	species	Prionailurus bengalensis	MAMMALIA	EUTHERIA	CARNIVORA	Feliformia		Felidae	Felinae		Prionailurus	bengalensis		2026/06/18 17:48:51.478
Felis rubiginosa	species	Prionailurus rubiginosus	MAMMALIA	EUTHERIA	CARNIVORA	Feliformia		Felidae	Felinae		Prionailurus	rubiginosus		2026/06/18 17:48:51.478
Panthera schaubi	species	Puma pardoides	MAMMALIA	EUTHERIA	CARNIVORA	Feliformia		Felidae	Felinae		Puma	pardoides		2026/06/18 17:48:51.478
Viretailurus schaubi	species	Puma pardoides	MAMMALIA	EUTHERIA	CARNIVORA	Feliformia		Felidae	Felinae		Puma	pardoides		2026/06/18 17:48:51.478
Machairodus coloradensis	species	Amphimachairodus coloradensis	MAMMALIA	EUTHERIA	CARNIVORA	Feliformia		Felidae	Machairodontinae		Amphimachairodus	coloradensis		2026/06/18 17:48:51.478
Machairodus copei	species	Amphimachairodus copei	MAMMALIA	EUTHERIA	CARNIVORA	Feliformia		Felidae	Machairodontinae		Amphimachairodus	copei		2026/06/18 17:48:51.478
Pogonodon copei	species	Amphimachairodus copei	MAMMALIA	EUTHERIA	CARNIVORA	Feliformia		Felidae	Machairodontinae		Amphimachairodus	copei		2026/06/18 17:48:51.478
Machairodus giganteus	species	Amphimachairodus giganteus	MAMMALIA	EUTHERIA	CARNIVORA	Feliformia		Felidae	Machairodontinae		Amphimachairodus	giganteus		2026/06/18 17:48:51.478
Machairodus leoninus	species	Amphimachairodus giganteus	MAMMALIA	EUTHERIA	CARNIVORA	Feliformia		Felidae	Machairodontinae		Amphimachairodus	giganteus		2026/06/18 17:48:51.478
Machairodus horribilis	species	Amphimachairodus horribilis	MAMMALIA	EUTHERIA	CARNIVORA	Feliformia		Felidae	Machairodontinae		Amphimachairodus	horribilis		2026/06/18 17:48:51.478
Machairodus irtyschensis	species	Amphimachairodus irtyschensis	MAMMALIA	EUTHERIA	CARNIVORA	Feliformia		Felidae	Machairodontinae		Amphimachairodus	irtyschensis		2026/06/18 17:48:51.478
Machairodus kabir	species	Amphimachairodus kabir	MAMMALIA	EUTHERIA	CARNIVORA	Feliformia		Felidae	Machairodontinae		Amphimachairodus	kabir		2026/06/18 17:48:51.478
Machairodus kurteni	species	Amphimachairodus kurteni	MAMMALIA	EUTHERIA	CARNIVORA	Feliformia		Felidae	Machairodontinae		Amphimachairodus	kurteni		2026/06/18 17:48:51.478
Homotherium palanderi	species	Amphimachairodus palanderi	MAMMALIA	EUTHERIA	CARNIVORA	Feliformia		Felidae	Machairodontinae		Amphimachairodus	palanderi		2026/06/18 17:48:51.478
Machairodus palanderi	species	Amphimachairodus palanderi	MAMMALIA	EUTHERIA	CARNIVORA	Feliformia		Felidae	Machairodontinae		Amphimachairodus	palanderi		2026/06/18 17:48:51.478
Machairodus transvaalensis	species	Dinofelis barlowi	MAMMALIA	EUTHERIA	CARNIVORA	Feliformia		Felidae	Machairodontinae		Dinofelis	barlowi		2026/06/18 17:48:51.478
Meganthereon barlowi	species	Dinofelis barlowi	MAMMALIA	EUTHERIA	CARNIVORA	Feliformia		Felidae	Machairodontinae		Dinofelis	barlowi		2026/06/18 17:48:51.478
Therailurus barlowi	species	Dinofelis barlowi	MAMMALIA	EUTHERIA	CARNIVORA	Feliformia		Felidae	Machairodontinae		Dinofelis	barlowi		2026/06/18 17:48:51.478
Dinofelis abeli	species	Dinofelis cristata	MAMMALIA	EUTHERIA	CARNIVORA	Feliformia		Felidae	Machairodontinae		Dinofelis	cristata		2026/06/18 17:48:51.478
Felis grandicristata	species	Dinofelis cristata	MAMMALIA	EUTHERIA	CARNIVORA	Feliformia		Felidae	Machairodontinae		Dinofelis	cristata		2026/06/18 17:48:51.478
Panthera cristata	species	Dinofelis cristata	MAMMALIA	EUTHERIA	CARNIVORA	Feliformia		Felidae	Machairodontinae		Dinofelis	cristata		2026/06/18 17:48:51.478
Tigris cristatus	species	Dinofelis cristata	MAMMALIA	EUTHERIA	CARNIVORA	Feliformia		Felidae	Machairodontinae		Dinofelis	cristata		2026/06/18 17:48:51.478
Felis diastemata	species	Dinofelis diastemata	MAMMALIA	EUTHERIA	CARNIVORA	Feliformia		Felidae	Machairodontinae		Dinofelis	diastemata		2026/06/18 17:48:51.478
Therailurus diastemata	species	Dinofelis diastemata	MAMMALIA	EUTHERIA	CARNIVORA	Feliformia		Felidae	Machairodontinae		Dinofelis	diastemata		2026/06/18 17:48:51.478
Therailurus piveteaui	species	Dinofelis piveteaui	MAMMALIA	EUTHERIA	CARNIVORA	Feliformia		Felidae	Machairodontinae		Dinofelis	piveteaui		2026/06/18 17:48:51.478
Machairodus africanus	species	Homotherium africanum	MAMMALIA	EUTHERIA	CARNIVORA	Feliformia		Felidae	Machairodontinae		Homotherium	africanum		2026/06/18 17:48:51.478
Epimachairodus fires	species	Homotherium fires	MAMMALIA	EUTHERIA	CARNIVORA	Feliformia		Felidae	Machairodontinae		Homotherium	fires		2026/06/18 17:48:51.478
Epimachairodus crenatidens	species	Homotherium latidens	MAMMALIA	EUTHERIA	CARNIVORA	Feliformia		Felidae	Machairodontinae		Homotherium	latidens		2026/06/18 17:48:51.478
Homotherium crenatidens	species	Homotherium latidens	MAMMALIA	EUTHERIA	CARNIVORA	Feliformia		Felidae	Machairodontinae		Homotherium	latidens		2026/06/18 17:48:51.478
Homotherium sainzelli	species	Homotherium latidens	MAMMALIA	EUTHERIA	CARNIVORA	Feliformia		Felidae	Machairodontinae		Homotherium	latidens		2026/06/18 17:48:51.478
Machairodus crenatidens	species	Homotherium latidens	MAMMALIA	EUTHERIA	CARNIVORA	Feliformia		Felidae	Machairodontinae		Homotherium	latidens		2026/06/18 17:48:51.478
Machairodus nestianus	species	Homotherium nestianus	MAMMALIA	EUTHERIA	CARNIVORA	Feliformia		Felidae	Machairodontinae		Homotherium	nestianus		2026/06/18 17:48:51.478
Meganthereon nestianus	species	Homotherium nestianus	MAMMALIA	EUTHERIA	CARNIVORA	Feliformia		Felidae	Machairodontinae		Homotherium	nestianus		2026/06/18 17:48:51.478
Homotherium problematicus	species	Homotherium problematicum	MAMMALIA	EUTHERIA	CARNIVORA	Feliformia		Felidae	Machairodontinae		Homotherium	problematicum		2026/06/18 17:48:51.478
Machairodus ultimus	species	Homotherium ultimus	MAMMALIA	EUTHERIA	CARNIVORA	Feliformia		Felidae	Machairodontinae		Homotherium	ultimus		2026/06/18 17:48:51.478
Amphimachairodus aphanistus	species	Machairodus aphanistus	MAMMALIA	EUTHERIA	CARNIVORA	Feliformia		Felidae	Machairodontinae		Machairodus	aphanistus		2026/06/18 17:48:51.478
Amphimachairodus romeri	species	Machairodus aphanistus	MAMMALIA	EUTHERIA	CARNIVORA	Feliformia		Felidae	Machairodontinae		Machairodus	aphanistus		2026/06/18 17:48:51.478
Epimachairodus romeri	species	Machairodus aphanistus	MAMMALIA	EUTHERIA	CARNIVORA	Feliformia		Felidae	Machairodontinae		Machairodus	aphanistus		2026/06/18 17:48:51.478
Machairodus laskarevi	species	Machairodus aphanistus	MAMMALIA	EUTHERIA	CARNIVORA	Feliformia		Felidae	Machairodontinae		Machairodus	aphanistus		2026/06/18 17:48:51.478
Megantereon palaeindicu	species	Machairodus palaeindicu	MAMMALIA	EUTHERIA	CARNIVORA	Feliformia		Felidae	Machairodontinae		Machairodus	palaeindicu		2026/06/18 17:48:51.478
Megantereon megantereon	species	Megantereon cultridens	MAMMALIA	EUTHERIA	CARNIVORA	Feliformia		Felidae	Machairodontinae		Megantereon	cultridens		2026/06/18 17:48:51.478
Meganthereon meganthereon	species	Megantereon cultridens	MAMMALIA	EUTHERIA	CARNIVORA	Feliformia		Felidae	Machairodontinae		Megantereon	cultridens		2026/06/18 17:48:51.478
Megantereon sivalensis	species	Megantereon falconeri	MAMMALIA	EUTHERIA	CARNIVORA	Feliformia		Felidae	Machairodontinae		Megantereon	falconeri		2026/06/18 17:48:51.478
Machairodus inexpectatus	species	Megantereon inexpectatus	MAMMALIA	EUTHERIA	CARNIVORA	Feliformia		Felidae	Machairodontinae		Megantereon	inexpectatus		2026/06/18 17:48:51.478
Machairodus nihowanensis	species	Megantereon nihowanensis	MAMMALIA	EUTHERIA	CARNIVORA	Feliformia		Felidae	Machairodontinae		Megantereon	nihowanensis	(Teilhard de Chardin and Piveteau, 1930)	2026/06/18 17:48:51.478
Plesictis croizeti	species	Herpestides antiquus	MAMMALIA	EUTHERIA	CARNIVORA			Herpestidae			Herpestides	antiquus		2026/06/18 17:48:51.478
Plioviverros collectus	species	Herpestides collectus	MAMMALIA	EUTHERIA	CARNIVORA			Herpestidae			Herpestides	collectus		2026/06/18 17:48:51.478
Leptoplesictis aurelianesis	species	Leptoplesictis aurelianensis	MAMMALIA	EUTHERIA	CARNIVORA			Herpestidae			Leptoplesictis	aurelianensis		2026/06/18 17:48:51.478
Crocuta miriani	species	Adcrocuta eximia	MAMMALIA	EUTHERIA	CARNIVORA	Feliformia		Hyaenidae			Adcrocuta	eximia	(Roth & Wagner, 1854)	2026/06/18 17:48:51.478
Hyaena eximia	species	Adcrocuta eximia	MAMMALIA	EUTHERIA	CARNIVORA	Feliformia		Hyaenidae			Adcrocuta	eximia	(Roth & Wagner, 1854)	2026/06/18 17:48:51.478
Percrocuta eximia	species	Adcrocuta eximia	MAMMALIA	EUTHERIA	CARNIVORA	Feliformia		Hyaenidae			Adcrocuta	eximia	(Roth & Wagner, 1854)	2026/06/18 17:48:51.478
Chasmaporthetes kani	species	Chasmaporthetes lunensis	MAMMALIA	EUTHERIA	CARNIVORA	Feliformia		Hyaenidae			Chasmaporthetes	lunensis		2026/06/18 17:48:51.478
Chasmaporthetes progressus	species	Chasmaporthetes lunensis	MAMMALIA	EUTHERIA	CARNIVORA	Feliformia		Hyaenidae			Chasmaporthetes	lunensis		2026/06/18 17:48:51.478
Euryboas lunensis	species	Chasmaporthetes lunensis	MAMMALIA	EUTHERIA	CARNIVORA	Feliformia		Hyaenidae			Chasmaporthetes	lunensis		2026/06/18 17:48:51.478
Hyaenictitherium barbarum	species	Hyaena abronia	MAMMALIA	EUTHERIA	CARNIVORA	Feliformia		Hyaenidae			Hyaena	abronia		2026/06/18 17:48:51.478
Ictitherium preforfex	species	Hyaena abronia	MAMMALIA	EUTHERIA	CARNIVORA	Feliformia		Hyaenidae			Hyaena	abronia		2026/06/18 17:48:51.478
Ikelohyaena abronia	species	Hyaena abronia	MAMMALIA	EUTHERIA	CARNIVORA	Feliformia		Hyaenidae			Hyaena	abronia		2026/06/18 17:48:51.478
Hyaena striata	species	Hyaena hyaena	MAMMALIA	EUTHERIA	CARNIVORA	Feliformia		Hyaenidae			Hyaena	hyaena		2026/06/18 17:48:51.478
Ictitherium hipparionum	species	Hyaenictitherium hipparionum	MAMMALIA	EUTHERIA	CARNIVORA	Feliformia		Hyaenidae			Hyaenictitherium	hipparionum		2026/06/18 17:48:51.478
Thalassictis hipparionum	species	Hyaenictitherium hipparionum	MAMMALIA	EUTHERIA	CARNIVORA	Feliformia		Hyaenidae			Hyaenictitherium	hipparionum		2026/06/18 17:48:51.478
Hyaenotherium hyaenoides	species	Hyaenictitherium hyaenoides	MAMMALIA	EUTHERIA	CARNIVORA	Feliformia		Hyaenidae			Hyaenictitherium	hyaenoides		2026/06/18 17:48:51.478
Thalassictis hyaenoides	species	Hyaenictitherium hyaenoides	MAMMALIA	EUTHERIA	CARNIVORA	Feliformia		Hyaenidae			Hyaenictitherium	hyaenoides		2026/06/18 17:48:51.478
Euryboas namaquensis	species	Hyaenictitherium namaquensis	MAMMALIA	EUTHERIA	CARNIVORA	Feliformia		Hyaenidae			Hyaenictitherium	namaquensis		2026/06/18 17:48:51.478
Lycyaena parva	species	Hyaenictitherium parvum	MAMMALIA	EUTHERIA	CARNIVORA	Feliformia		Hyaenidae			Hyaenictitherium	parvum		2026/06/18 17:48:51.478
Hyaenotherium magnum	species	Hyaenictitherium wongii	MAMMALIA	EUTHERIA	CARNIVORA	Feliformia		Hyaenidae			Hyaenictitherium	wongii		2026/06/18 17:48:51.478
Hyaenotherium venator	species	Hyaenictitherium wongii	MAMMALIA	EUTHERIA	CARNIVORA	Feliformia		Hyaenidae			Hyaenictitherium	wongii		2026/06/18 17:48:51.478
Hyaenotherium wongii	species	Hyaenictitherium wongii	MAMMALIA	EUTHERIA	CARNIVORA	Feliformia		Hyaenidae			Hyaenictitherium	wongii		2026/06/18 17:48:51.478
Ictitherium adroveri	species	Hyaenictitherium wongii	MAMMALIA	EUTHERIA	CARNIVORA	Feliformia		Hyaenidae			Hyaenictitherium	wongii		2026/06/18 17:48:51.478
Palhyaena wongii	species	Hyaenictitherium wongii	MAMMALIA	EUTHERIA	CARNIVORA	Feliformia		Hyaenidae			Hyaenictitherium	wongii		2026/06/18 17:48:51.478
Thalassictis wongii	species	Hyaenictitherium wongii	MAMMALIA	EUTHERIA	CARNIVORA	Feliformia		Hyaenidae			Hyaenictitherium	wongii		2026/06/18 17:48:51.478
Hyaenictitherium intuberculatum	species	Ictitherium intuberculatum	MAMMALIA	EUTHERIA	CARNIVORA	Feliformia		Hyaenidae			Ictitherium	intuberculatum		2026/06/18 17:48:51.478
Protictitherium tauricum	species	Ictitherium tauricum	MAMMALIA	EUTHERIA	CARNIVORA	Feliformia		Hyaenidae			Ictitherium	tauricum		2026/06/18 17:48:51.478
Thalassictis taurica	species	Ictitherium tauricum	MAMMALIA	EUTHERIA	CARNIVORA	Feliformia		Hyaenidae			Ictitherium	tauricum		2026/06/18 17:48:51.478
Ictitherium gaudryi	species	Ictitherium viverrinum	MAMMALIA	EUTHERIA	CARNIVORA	Feliformia		Hyaenidae			Ictitherium	viverrinum		2026/06/18 17:48:51.478
Ictitherium ibericum	species	Ictitherium viverrinum	MAMMALIA	EUTHERIA	CARNIVORA	Feliformia		Hyaenidae			Ictitherium	viverrinum		2026/06/18 17:48:51.478
Ictitherium sinense	species	Ictitherium viverrinum	MAMMALIA	EUTHERIA	CARNIVORA	Feliformia		Hyaenidae			Ictitherium	viverrinum		2026/06/18 17:48:51.478
Ictitherium sivalense	species	Lepthyaena sivalense	MAMMALIA	EUTHERIA	CARNIVORA	Feliformia		Hyaenidae			Lepthyaena	sivalense		2026/06/18 17:48:51.478
Lycyaena spathulata	species	Lycyaena dubia	MAMMALIA	EUTHERIA	CARNIVORA	Feliformia		Hyaenidae			Lycyaena	dubia		2026/06/18 17:48:51.478
Chasmaporthetes silberbergi	species	Lycyaenops silberbergi	MAMMALIA	EUTHERIA	CARNIVORA	Feliformia		Hyaenidae			Lycyaenops	silberbergi		2026/06/18 17:48:51.478
Crocuta brevirostris	species	Pachycrocuta brevirostris	MAMMALIA	EUTHERIA	CARNIVORA	Feliformia		Hyaenidae			Pachycrocuta	brevirostris		2026/06/18 17:48:51.478
Crocuta licenti	species	Pachycrocuta brevirostris	MAMMALIA	EUTHERIA	CARNIVORA	Feliformia		Hyaenidae			Pachycrocuta	brevirostris		2026/06/18 17:48:51.478
Hyaena licenti	species	Pachycrocuta brevirostris	MAMMALIA	EUTHERIA	CARNIVORA	Feliformia		Hyaenidae			Pachycrocuta	brevirostris		2026/06/18 17:48:51.478
Hyaena sinensis	species	Pachycrocuta brevirostris	MAMMALIA	EUTHERIA	CARNIVORA	Feliformia		Hyaenidae			Pachycrocuta	brevirostris		2026/06/18 17:48:51.478
Pachycrocuta licenti	species	Pachycrocuta brevirostris	MAMMALIA	EUTHERIA	CARNIVORA	Feliformia		Hyaenidae			Pachycrocuta	brevirostris		2026/06/18 17:48:51.478
Pachycrocuta robusta	species	Pachycrocuta brevirostris	MAMMALIA	EUTHERIA	CARNIVORA	Feliformia		Hyaenidae			Pachycrocuta	brevirostris		2026/06/18 17:48:51.478
Pachycrocuta sinensis	species	Pachycrocuta brevirostris	MAMMALIA	EUTHERIA	CARNIVORA	Feliformia		Hyaenidae			Pachycrocuta	brevirostris		2026/06/18 17:48:51.478
Pachycrocuta sivalensis	species	Pachycrocuta brevirostris	MAMMALIA	EUTHERIA	CARNIVORA	Feliformia		Hyaenidae			Pachycrocuta	brevirostris		2026/06/18 17:48:51.478
Pliohyaena brevirostris	species	Pachycrocuta brevirostris	MAMMALIA	EUTHERIA	CARNIVORA	Feliformia		Hyaenidae			Pachycrocuta	brevirostris		2026/06/18 17:48:51.478
Palinhyaena imbricata	species	Palinhyaena reperta	MAMMALIA	EUTHERIA	CARNIVORA	Feliformia		Hyaenidae			Palinhyaena	reperta		2026/06/18 17:48:51.478
Hyaena brunnea	species	Parahyaena brunnea	MAMMALIA	EUTHERIA	CARNIVORA	Feliformia		Hyaenidae			Parahyaena	brunnea		2026/06/18 17:48:51.478
Crocuta felina	species	Pliocrocuta perrieri	MAMMALIA	EUTHERIA	CARNIVORA	Feliformia		Hyaenidae			Pliocrocuta	perrieri		2026/06/18 17:48:51.478
Crocuta sivalensis	species	Pliocrocuta perrieri	MAMMALIA	EUTHERIA	CARNIVORA	Feliformia		Hyaenidae			Pliocrocuta	perrieri		2026/06/18 17:48:51.478
Hyaena perrieri	species	Pliocrocuta perrieri	MAMMALIA	EUTHERIA	CARNIVORA	Feliformia		Hyaenidae			Pliocrocuta	perrieri		2026/06/18 17:48:51.478
Hyaena prisca	species	Pliocrocuta perrieri	MAMMALIA	EUTHERIA	CARNIVORA	Feliformia		Hyaenidae			Pliocrocuta	perrieri		2026/06/18 17:48:51.478
Hyaena pyrenaica	species	Pliocrocuta perrieri	MAMMALIA	EUTHERIA	CARNIVORA	Feliformia		Hyaenidae			Pliocrocuta	perrieri		2026/06/18 17:48:51.478
Pachycrocuta perrieri	species	Pliocrocuta perrieri	MAMMALIA	EUTHERIA	CARNIVORA	Feliformia		Hyaenidae			Pliocrocuta	perrieri		2026/06/18 17:48:51.478
Pachycrocuta pyrenaica	species	Pliocrocuta perrieri	MAMMALIA	EUTHERIA	CARNIVORA	Feliformia		Hyaenidae			Pliocrocuta	perrieri		2026/06/18 17:48:51.478
Pliocrocuta pyrenaica	species	Pliocrocuta perrieri	MAMMALIA	EUTHERIA	CARNIVORA	Feliformia		Hyaenidae			Pliocrocuta	perrieri		2026/06/18 17:48:51.478
Pliohyaena perrieri	species	Pliocrocuta perrieri	MAMMALIA	EUTHERIA	CARNIVORA	Feliformia		Hyaenidae			Pliocrocuta	perrieri		2026/06/18 17:48:51.478
Ictitherium orbignyi	species	Plioviverrops orbignyi	MAMMALIA	EUTHERIA	CARNIVORA	Feliformia		Hyaenidae			Plioviverrops	orbignyi		2026/06/18 17:48:51.478
Progenetta praecurrens	species	Protictitherium praecurrens	MAMMALIA	EUTHERIA	CARNIVORA	Feliformia		Hyaenidae			Protictitherium	praecurrens		2026/06/18 17:48:51.478
Thalassictis praecurrens	species	Protictitherium praecurrens	MAMMALIA	EUTHERIA	CARNIVORA	Feliformia		Hyaenidae			Protictitherium	praecurrens		2026/06/18 17:48:51.478
Progenetta montadai	species	Thalassictis montadai	MAMMALIA	EUTHERIA	CARNIVORA	Feliformia		Hyaenidae			Thalassictis	montadai		2026/06/18 17:48:51.478
Ictitherium robustum	species	Thalassictis robusta	MAMMALIA	EUTHERIA	CARNIVORA	Feliformia		Hyaenidae			Thalassictis	robusta		2026/06/18 17:48:51.478
Percrocuta primordialis	species	Tongxinictis primordialis	MAMMALIA	EUTHERIA	CARNIVORA	Feliformia		Hyaenidae			Tongxinictis	primordialis		2026/06/18 17:48:51.478
Crocuta dbaa	species	Crocuta dietrichi	MAMMALIA	EUTHERIA	CARNIVORA	Feliformia		Hyaenidae	Hyaeninae		Crocuta	dietrichi		2026/06/18 17:48:51.478
Proputorius medius	species	Mesomephitis medius	MAMMALIA	EUTHERIA	CARNIVORA			Mephitidae		Mephitini	Mesomephitis	medius		2026/06/18 17:48:51.478
Aonyx antiqua	species	Cyrnaonyx antiqua	MAMMALIA	EUTHERIA	CARNIVORA	Caniformia		Mustelidae			Cyrnaonyx	antiqua		2026/06/18 17:48:51.478
Pannonictis ardea	species	Enhydrictis ardea	MAMMALIA	EUTHERIA	CARNIVORA	Caniformia		Mustelidae			Enhydrictis	ardea		2026/06/18 17:48:51.478
Lutra melina	species	Enhydrictis melina	MAMMALIA	EUTHERIA	CARNIVORA	Caniformia		Mustelidae			Enhydrictis	melina	(Pei, 1934)	2026/06/18 17:48:51.478
Oriensictis melina	species	Enhydrictis melina	MAMMALIA	EUTHERIA	CARNIVORA	Caniformia		Mustelidae			Enhydrictis	melina	(Pei, 1934)	2026/06/18 17:48:51.478
Hadrictis fricki	species	Eomellivora fricki	MAMMALIA	EUTHERIA	CARNIVORA	Caniformia		Mustelidae		Eomellivorini	Eomellivora	fricki	(Pia, 1939)	2026/06/18 17:48:51.478
Hoplictis petteri	species	Eomellivora fricki	MAMMALIA	EUTHERIA	CARNIVORA	Caniformia		Mustelidae		Eomellivorini	Eomellivora	fricki	(Pia, 1939)	2026/06/18 17:48:51.478
Ischyrictis petteri	species	Eomellivora fricki	MAMMALIA	EUTHERIA	CARNIVORA	Caniformia		Mustelidae		Eomellivorini	Eomellivora	fricki	(Pia, 1939)	2026/06/18 17:48:51.478
Martes transitoria	species	Gaillardina transitoria	MAMMALIA	EUTHERIA	CARNIVORA	Caniformia		Mustelidae			Gaillardina	transitoria		2026/06/18 17:48:51.478
Plesiomeles pusilla	species	Grivamephitis pusilla	MAMMALIA	EUTHERIA	CARNIVORA	Caniformia		Mustelidae			Grivamephitis	pusilla		2026/06/18 17:48:51.478
Hoplictis florencei	species	Hoplictis florancei	MAMMALIA	EUTHERIA	CARNIVORA	Caniformia		Mustelidae		Ischyrictini	Hoplictis	florancei		2026/06/18 17:48:51.478
Hoplictis helbingi	species	Ischyrictis helbingi	MAMMALIA	EUTHERIA	CARNIVORA	Caniformia		Mustelidae			Ischyrictis	helbingi		2026/06/18 17:48:51.478
Lutra pontica	species	Limnonyx pontica	MAMMALIA	EUTHERIA	CARNIVORA	Caniformia		Mustelidae		Lutrini	Limnonyx	pontica		2026/06/18 17:48:51.478
Aonyx bravardi	species	Lutra bravardi	MAMMALIA	EUTHERIA	CARNIVORA	Caniformia		Mustelidae			Lutra	bravardi		2026/06/18 17:48:51.478
Meles teihardi	species	Meles teilhardi	MAMMALIA	EUTHERIA	CARNIVORA	Caniformia		Mustelidae			Meles	teilhardi	Qiu, Deng and Wang, 2004	2026/06/18 17:48:51.478
Melivora benfieldi	species	Mellivora benfieldi	MAMMALIA	EUTHERIA	CARNIVORA	Caniformia		Mustelidae		Mellivorini	Mellivora	benfieldi		2026/06/18 17:48:51.478
Melivora capensis	species	Mellivora capensis	MAMMALIA	EUTHERIA	CARNIVORA	Caniformia		Mustelidae		Mellivorini	Mellivora	capensis		2026/06/18 17:48:51.478
Melivora sivalensis	species	Mellivora sivalensis	MAMMALIA	EUTHERIA	CARNIVORA	Caniformia		Mustelidae		Mellivorini	Mellivora	sivalensis		2026/06/18 17:48:51.478
Martes paleosinensis	species	Mustela palaeosinensis	MAMMALIA	EUTHERIA	CARNIVORA	Caniformia		Mustelidae			Mustela	palaeosinensis		2026/06/18 17:48:51.478
Enhydriodon lluecai	species	Paludolutra lluecai	MAMMALIA	EUTHERIA	CARNIVORA	Caniformia		Mustelidae			Paludolutra	lluecai		2026/06/18 17:48:51.478
Sivaonyx lluecai	species	Paludolutra lluecai	MAMMALIA	EUTHERIA	CARNIVORA	Caniformia		Mustelidae			Paludolutra	lluecai		2026/06/18 17:48:51.478
Martes pachygnatha	species	Pannonictis pachygnatha	MAMMALIA	EUTHERIA	CARNIVORA	Caniformia		Mustelidae			Pannonictis	pachygnatha		2026/06/18 17:48:51.478
Mustela pachygnatha	species	Pannonictis pachygnatha	MAMMALIA	EUTHERIA	CARNIVORA	Caniformia		Mustelidae			Pannonictis	pachygnatha		2026/06/18 17:48:51.478
Melodon maraghanus	species	Parataxidea maraghana	MAMMALIA	EUTHERIA	CARNIVORA	Caniformia		Mustelidae			Parataxidea	maraghana	(Kittl, 1887)	2026/06/18 17:48:51.478
Gulo minor	species	Plesiogulo minor	MAMMALIA	EUTHERIA	CARNIVORA	Caniformia		Mustelidae		Ischyrictini	Plesiogulo	minor		2026/06/18 17:48:51.478
Propoecilogale bolti	species	Prepoecilogale bolti	MAMMALIA	EUTHERIA	CARNIVORA	Caniformia		Mustelidae			Prepoecilogale	bolti		2026/06/18 17:48:51.478
Mustela palaeattica	species	Promeles palaeatticus	MAMMALIA	EUTHERIA	CARNIVORA	Caniformia		Mustelidae			Promeles	palaeatticus		2026/06/18 17:48:51.478
Promeles palaeattica	species	Promeles palaeatticus	MAMMALIA	EUTHERIA	CARNIVORA	Caniformia		Mustelidae			Promeles	palaeatticus		2026/06/18 17:48:51.478
Trochictis depereti	species	Rhodanictis depereti	MAMMALIA	EUTHERIA	CARNIVORA	Caniformia		Mustelidae			Rhodanictis	depereti		2026/06/18 17:48:51.478
Martes pentelici	species	Sinictis pentelici	MAMMALIA	EUTHERIA	CARNIVORA	Caniformia		Mustelidae			Sinictis	pentelici		2026/06/18 17:48:51.478
Mustela pentelici	species	Sinictis pentelici	MAMMALIA	EUTHERIA	CARNIVORA	Caniformia		Mustelidae			Sinictis	pentelici		2026/06/18 17:48:51.478
Mionictis artenensis	species	Trochictis artenensis	MAMMALIA	EUTHERIA	CARNIVORA	Caniformia		Mustelidae			Trochictis	artenensis		2026/06/18 17:48:51.478
Proputorius minimus	species	Zdanskyictis minimus	MAMMALIA	EUTHERIA	CARNIVORA	Caniformia		Mustelidae			Zdanskyictis	minimus	Zdansky, 1924	2026/06/18 17:48:51.478
Paludolutra campanii	species	Enhydriodon campanii	MAMMALIA	EUTHERIA	CARNIVORA	Caniformia		Mustelidae	Lutrinae		Enhydriodon	campanii		2026/06/18 17:48:51.478
Paralutra campanii	species	Enhydriodon campanii	MAMMALIA	EUTHERIA	CARNIVORA	Caniformia		Mustelidae	Lutrinae		Enhydriodon	campanii		2026/06/18 17:48:51.478
Lutra maculicollis	species	Hydrictis maculicollis	MAMMALIA	EUTHERIA	CARNIVORA	Caniformia		Mustelidae	Lutrinae		Hydrictis	maculicollis		2026/06/18 17:48:51.478
Mionictis dubia	species	Lartetictis dubia	MAMMALIA	EUTHERIA	CARNIVORA	Caniformia		Mustelidae	Lutrinae		Lartetictis	dubia		2026/06/18 17:48:51.478
Enhydriodon africanus	species	Sivaonyx africana	MAMMALIA	EUTHERIA	CARNIVORA	Caniformia		Mustelidae	Lutrinae		Sivaonyx	africana		2026/06/18 17:48:51.478
Lutra hessica	species	Sivaonyx hessicus	MAMMALIA	EUTHERIA	CARNIVORA	Caniformia		Mustelidae	Lutrinae		Sivaonyx	hessicus	Lydekker, 1890	2026/06/18 17:48:51.478
Sivaonyx hessicus	species	Sivaonyx hessicus	MAMMALIA	EUTHERIA	CARNIVORA	Caniformia		Mustelidae	Lutrinae		Sivaonyx	hessicus	Lydekker, 1890	2026/06/18 17:48:51.478
Aelurocyon brevifacies	species	Megalictis ferox	MAMMALIA	EUTHERIA	CARNIVORA	Caniformia		Mustelidae	Oligobuninae		Megalictis	ferox		2026/06/18 17:48:51.478
Aelurocyon ferox	species	Megalictis ferox	MAMMALIA	EUTHERIA	CARNIVORA	Caniformia		Mustelidae	Oligobuninae		Megalictis	ferox		2026/06/18 17:48:51.478
Paraoligobunus frazieri	species	Megalictis frazieri	MAMMALIA	EUTHERIA	CARNIVORA	Caniformia		Mustelidae	Oligobuninae		Megalictis	frazieri		2026/06/18 17:48:51.478
Paroligobunis frazieri	species	Megalictis frazieri	MAMMALIA	EUTHERIA	CARNIVORA	Caniformia		Mustelidae	Oligobuninae		Megalictis	frazieri		2026/06/18 17:48:51.478
Paraoligobunus petersoni	species	Megalictis petersoni	MAMMALIA	EUTHERIA	CARNIVORA	Caniformia		Mustelidae	Oligobuninae		Megalictis	petersoni		2026/06/18 17:48:51.478
Paroligobunis petersoni	species	Megalictis petersoni	MAMMALIA	EUTHERIA	CARNIVORA	Caniformia		Mustelidae	Oligobuninae		Megalictis	petersoni		2026/06/18 17:48:51.478
Paraoligobunus simplicidens	species	Megalictis simplicidens	MAMMALIA	EUTHERIA	CARNIVORA	Caniformia		Mustelidae	Oligobuninae		Megalictis	simplicidens		2026/06/18 17:48:51.478
Paroligobunis simplicidens	species	Megalictis simplicidens	MAMMALIA	EUTHERIA	CARNIVORA	Caniformia		Mustelidae	Oligobuninae		Megalictis	simplicidens		2026/06/18 17:48:51.478
Alachtherium africanum	species	Ontocetus emmonsi	MAMMALIA	EUTHERIA	CARNIVORA	Pinnipedia		Odobenidae			Ontocetus	emmonsi		2026/06/18 17:48:51.478
Alachtherium antverpiensis	species	Ontocetus emmonsi	MAMMALIA	EUTHERIA	CARNIVORA	Pinnipedia		Odobenidae			Ontocetus	emmonsi		2026/06/18 17:48:51.478
Alachtherium antwerpiensis	species	Ontocetus emmonsi	MAMMALIA	EUTHERIA	CARNIVORA	Pinnipedia		Odobenidae			Ontocetus	emmonsi		2026/06/18 17:48:51.478
Alachtherium cretsii	species	Ontocetus emmonsi	MAMMALIA	EUTHERIA	CARNIVORA	Pinnipedia		Odobenidae			Ontocetus	emmonsi		2026/06/18 17:48:51.478
Prorosmarus alleni	species	Ontocetus emmonsi	MAMMALIA	EUTHERIA	CARNIVORA	Pinnipedia		Odobenidae			Ontocetus	emmonsi		2026/06/18 17:48:51.478
Trichecodon huxleyi	species	Ontocetus emmonsi	MAMMALIA	EUTHERIA	CARNIVORA	Pinnipedia		Odobenidae			Ontocetus	emmonsi		2026/06/18 17:48:51.478
Arctophoca fischeri	species	Arctocephalus fischeri	MAMMALIA	EUTHERIA	CARNIVORA	Pinnipedia		Otariidae			Arctocephalus	fischeri		2026/06/18 17:48:51.478
Otaria fischeri	species	Arctocephalus fischeri	MAMMALIA	EUTHERIA	CARNIVORA	Pinnipedia		Otariidae			Arctocephalus	fischeri		2026/06/18 17:48:51.478
Arctocephalus lomasiensis	species	Hydrarctos lomasiensis	MAMMALIA	EUTHERIA	CARNIVORA	Pinnipedia		Otariidae			Hydrarctos	lomasiensis		2026/06/18 17:48:51.478
Eumetopias watasei	species	Oriensarctos watasei	MAMMALIA	EUTHERIA	CARNIVORA	Pinnipedia		Otariidae			Oriensarctos	watasei		2026/06/18 17:48:51.478
Allohyaena algeriensis	species	Dinocrocuta algeriensis	MAMMALIA	EUTHERIA	CARNIVORA			Percrocutidae			Dinocrocuta	algeriensis		2026/06/18 17:48:51.478
Hyaena algeriensis	species	Dinocrocuta algeriensis	MAMMALIA	EUTHERIA	CARNIVORA			Percrocutidae			Dinocrocuta	algeriensis		2026/06/18 17:48:51.478
Percrocuta senyureki	species	Dinocrocuta senyureki	MAMMALIA	EUTHERIA	CARNIVORA			Percrocutidae			Dinocrocuta	senyureki	(Ozansoy, 1957)	2026/06/18 17:48:51.478
Ursavus elmensis	species	Ballusia elmensis	MAMMALIA	EUTHERIA	CARNIVORA			Ursidae			Ballusia	elmensis		2026/06/18 17:48:51.478
Ursus malayanus	species	Helarctos malayanus	MAMMALIA	EUTHERIA	CARNIVORA			Ursidae			Helarctos	malayanus		2026/06/18 17:48:51.478
Agriarctos beatrix	species	Kretzoiarctos beatrix	MAMMALIA	EUTHERIA	CARNIVORA			Ursidae	Ailuropodinae		Kretzoiarctos	beatrix	(Abella et al., 2011)	2026/06/18 17:48:51.478
Plithocyon stehlini	species	Hemicyon stehlini	MAMMALIA	EUTHERIA	CARNIVORA			Ursidae	Hemicyoninae		Hemicyon	stehlini		2026/06/18 17:48:51.478
Cephalogale ginesticus	species	Phoberogale ginesticus	MAMMALIA	EUTHERIA	CARNIVORA			Ursidae	Hemicyoninae		Phoberogale	ginesticus		2026/06/18 17:48:51.478
Hemicyon teilhardi	species	Plithocyon teilhardi	MAMMALIA	EUTHERIA	CARNIVORA			Ursidae	Hemicyoninae		Plithocyon	teilhardi		2026/06/18 17:48:51.478
Plithocyon teihardi	species	Plithocyon teilhardi	MAMMALIA	EUTHERIA	CARNIVORA			Ursidae	Hemicyoninae		Plithocyon	teilhardi		2026/06/18 17:48:51.478
Agriotherium anthracitis	species	Indarctos anthracitis	MAMMALIA	EUTHERIA	CARNIVORA			Ursidae	Ursinae		Indarctos	anthracitis		2026/06/18 17:48:51.478
Agriotherium arctoides	species	Indarctos arctoides	MAMMALIA	EUTHERIA	CARNIVORA			Ursidae	Ursinae		Indarctos	arctoides		2026/06/18 17:48:51.478
Indarctos bakalovi	species	Indarctos atticus	MAMMALIA	EUTHERIA	CARNIVORA			Ursidae	Ursinae		Indarctos	atticus		2026/06/18 17:48:51.478
Indarctos lagrelii	species	Indarctos atticus	MAMMALIA	EUTHERIA	CARNIVORA			Ursidae	Ursinae		Indarctos	atticus		2026/06/18 17:48:51.478
Indarctos punjabiensis	species	Indarctos atticus	MAMMALIA	EUTHERIA	CARNIVORA			Ursidae	Ursinae		Indarctos	atticus		2026/06/18 17:48:51.478
Ursus augustidens	species	Ursus angustidens	MAMMALIA	EUTHERIA	CARNIVORA			Ursidae	Ursinae		Ursus	angustidens		2026/06/18 17:48:51.478
Ursus kokeni	species	Ursus thibetanus	MAMMALIA	EUTHERIA	CARNIVORA			Ursidae	Ursinae		Ursus	thibetanus		2026/06/18 17:48:51.478
Ursus kokens	species	Ursus thibetanus	MAMMALIA	EUTHERIA	CARNIVORA			Ursidae	Ursinae		Ursus	thibetanus		2026/06/18 17:48:51.478
Protarctos yinanensis	species	Ursus yinanensis	MAMMALIA	EUTHERIA	CARNIVORA			Ursidae	Ursinae		Ursus	yinanensis		2026/06/18 17:48:51.478
Ursus yinanensis	species	Ursus yinanensis	MAMMALIA	EUTHERIA	CARNIVORA			Ursidae	Ursinae		Ursus	yinanensis		2026/06/18 17:48:51.478
Kenyalutra songhorensis	species	Kelba quadeemae	MAMMALIA	EUTHERIA	CARNIVORA	Feliformia		Viverridae	Hemigalinae		Kelba	quadeemae	Savage, 1965	2026/06/18 17:48:51.478
Ndamathaia kubwa	species	Kelba quadeemae	MAMMALIA	EUTHERIA	CARNIVORA	Feliformia		Viverridae	Hemigalinae		Kelba	quadeemae	Savage, 1965	2026/06/18 17:48:51.478
Calcochloris hamiltoni	species	Amblysomus hamiltoni	MAMMALIA	EUTHERIA	AFROSORICIDA		Chrysochloridea	Chrysochloridae			Amblysomus	hamiltoni	(De Graaf, 1958)	2026/06/18 17:48:51.478
Chrysotricha hamiltoni	species	Amblysomus hamiltoni	MAMMALIA	EUTHERIA	AFROSORICIDA		Chrysochloridea	Chrysochloridae			Amblysomus	hamiltoni	(De Graaf, 1958)	2026/06/18 17:48:51.478
Chlorotalpa villosus	species	Chrysospalax villosus	MAMMALIA	EUTHERIA	AFROSORICIDA		Chrysochloridea	Chrysochloridae			Chrysospalax	villosus	(A. Smith, 1833)	2026/06/18 17:48:51.478
Amblysomus julianae	species	Neamblysomus julianae	MAMMALIA	EUTHERIA	AFROSORICIDA		Chrysochloridea	Chrysochloridae			Neamblysomus	julianae	(Meester, 1972)	2026/06/18 17:48:51.478
Erythozootes chamerpes	species	Erythrozootes chamerpes	MAMMALIA	EUTHERIA	AFROSORICIDA			Tenrecidae			Erythrozootes	chamerpes	Butler and Hopwood, 1957	2026/06/18 17:48:51.478
Mioechinus butleri	species	Atelerix butleri	MAMMALIA	EUTHERIA	EULIPOTYPHLA			Erinaceidae			Atelerix	butleri	(Crusafont, Villalta & Truyols, 1955)	2026/06/18 17:48:51.478
Mioechinus gobiensis	species	Atelerix gobiensis	MAMMALIA	EUTHERIA	EULIPOTYPHLA			Erinaceidae			Atelerix	gobiensis		2026/06/18 17:48:51.478
Mioechinus intermedius	species	Atelerix intermedius	MAMMALIA	EUTHERIA	EULIPOTYPHLA			Erinaceidae			Atelerix	intermedius		2026/06/18 17:48:51.478
Mioechinus sansaniensis	species	Atelerix sansaniensis	MAMMALIA	EUTHERIA	EULIPOTYPHLA			Erinaceidae			Atelerix	sansaniensis		2026/06/18 17:48:51.478
Mioechinus tobieni	species	Atelerix tobieni	MAMMALIA	EUTHERIA	EULIPOTYPHLA			Erinaceidae			Atelerix	tobieni		2026/06/18 17:48:51.478
Necrogymnurus cayluxi	species	Neurogymnurus cayluxi	MAMMALIA	EUTHERIA	EULIPOTYPHLA			Erinaceidae			Neurogymnurus	cayluxi		2026/06/18 17:48:51.478
Necrogymnurus mediterraneus	species	Neurogymnurus mediterraneus	MAMMALIA	EUTHERIA	EULIPOTYPHLA			Erinaceidae			Neurogymnurus	mediterraneus		2026/06/18 17:48:51.478
Amphechinus ginsburgi	species	Postpalerinaceus intermedius	MAMMALIA	EUTHERIA	EULIPOTYPHLA			Erinaceidae			Postpalerinaceus	intermedius		2026/06/18 17:48:51.478
Lanthanotherium lactorensis	species	Lantanotherium lactorensis	MAMMALIA	EUTHERIA	EULIPOTYPHLA			Erinaceidae	Galericinae		Lantanotherium	lactorensis		2026/06/18 17:48:51.478
Lanthanotherium longirostre	species	Lantanotherium longirostre	MAMMALIA	EUTHERIA	EULIPOTYPHLA			Erinaceidae	Galericinae		Lantanotherium	longirostre		2026/06/18 17:48:51.478
Lanthanotherium piveteaui	species	Lantanotherium piveteaui	MAMMALIA	EUTHERIA	EULIPOTYPHLA			Erinaceidae	Galericinae		Lantanotherium	piveteaui	Crusafont, Villalta & Truyols, 1955	2026/06/18 17:48:51.478
Lanthanotherium robustum	species	Lantanotherium robustum	MAMMALIA	EUTHERIA	EULIPOTYPHLA			Erinaceidae	Galericinae		Lantanotherium	robustum		2026/06/18 17:48:51.478
Lanthanotherium sanmigueli	species	Lantanotherium sanmigueli	MAMMALIA	EUTHERIA	EULIPOTYPHLA			Erinaceidae	Galericinae		Lantanotherium	sanmigueli	Villalta & Crusafont, 1944	2026/06/18 17:48:51.478
Lanthanotherium sansaniensis	species	Lantanotherium sansaniense	MAMMALIA	EUTHERIA	EULIPOTYPHLA			Erinaceidae	Galericinae		Lantanotherium	sansaniense	(Lartet, 1851)	2026/06/18 17:48:51.478
Galerix depereti	species	Parasorex depereti	MAMMALIA	EUTHERIA	EULIPOTYPHLA			Erinaceidae	Galericinae		Parasorex	depereti	(Crochet, 1986)	2026/06/18 17:48:51.478
Galerix iberica	species	Parasorex ibericus	MAMMALIA	EUTHERIA	EULIPOTYPHLA			Erinaceidae	Galericinae		Parasorex	ibericus	(Mein & Martín-Suárez, 1993)	2026/06/18 17:48:51.478
Galerix socialis	species	Parasorex socialis	MAMMALIA	EUTHERIA	EULIPOTYPHLA			Erinaceidae	Galericinae		Parasorex	socialis	von Meyer, 1865	2026/06/18 17:48:51.478
Schizogalerix sarmaticum	species	Schizogalerix sarmatica	MAMMALIA	EUTHERIA	EULIPOTYPHLA			Erinaceidae	Galericinae		Schizogalerix	sarmatica	Lungu, 1981	2026/06/18 17:48:51.478
Saturninia beata	species	Cryptotopos beatus	MAMMALIA	EUTHERIA	EULIPOTYPHLA			Nyctitheriidae			Cryptotopos	beatus		2026/06/18 17:48:51.478
Blarinella europaea	species	Alloblarinella europaea	MAMMALIA	EUTHERIA	EULIPOTYPHLA			Soricidae			Alloblarinella	europaea	(Reumer, 1984)	2026/06/18 17:48:51.478
Kordosia topali	species	Amblycoptus topali	MAMMALIA	EUTHERIA	EULIPOTYPHLA			Soricidae			Amblycoptus	topali	(Jánossy, 1972)	2026/06/18 17:48:51.478
Mafia csarnotensis	species	Mafia csarnotense	MAMMALIA	EUTHERIA	EULIPOTYPHLA			Soricidae			Mafia	csarnotense	Reumer, 1984	2026/06/18 17:48:51.478
Limnoecus truyolsi	species	Paenelimnoecus truyolsi	MAMMALIA	EUTHERIA	EULIPOTYPHLA			Soricidae			Paenelimnoecus	truyolsi	(Gibert, 1975)	2026/06/18 17:48:51.478
Crocidosorex collongensis	species	Miosorex desnoyrianus	MAMMALIA	EUTHERIA	EULIPOTYPHLA			Soricidae	Crocidosoricinae		Miosorex	desnoyrianus		2026/06/18 17:48:51.478
Hemisorex collongensis	species	Miosorex desnoyrianus	MAMMALIA	EUTHERIA	EULIPOTYPHLA			Soricidae	Crocidosoricinae		Miosorex	desnoyrianus		2026/06/18 17:48:51.478
Miosorex desnoyersianus	species	Miosorex desnoyrianus	MAMMALIA	EUTHERIA	EULIPOTYPHLA			Soricidae	Crocidosoricinae		Miosorex	desnoyrianus		2026/06/18 17:48:51.478
Crocidosorex antiquus	species	Oligosorex antiquus	MAMMALIA	EUTHERIA	EULIPOTYPHLA			Soricidae	Crocidosoricinae		Oligosorex	antiquus		2026/06/18 17:48:51.478
Crocidosorex bruijni	species	Oligosorex bruijni	MAMMALIA	EUTHERIA	EULIPOTYPHLA			Soricidae	Crocidosoricinae		Oligosorex	bruijni	Gibert, 1975	2026/06/18 17:48:51.478
Crocidosorex thauensis	species	Oligosorex thauensis	MAMMALIA	EUTHERIA	EULIPOTYPHLA			Soricidae	Crocidosoricinae		Oligosorex	thauensis	(Crochet, 1975)	2026/06/18 17:48:51.478
Crusafontina excultus	species	Crusafontina exculta	MAMMALIA	EUTHERIA	EULIPOTYPHLA			Soricidae	Soricinae		Crusafontina	exculta	(Mayr and Fahlbusch, 1975)	2026/06/18 17:48:51.478
Anourosorex kormosi	species	Crusafontina kormosi	MAMMALIA	EUTHERIA	EULIPOTYPHLA			Soricidae	Soricinae		Crusafontina	kormosi	(Bachmayer & WIlson, 1970)	2026/06/18 17:48:51.478
Desmana bifida	species	Archaeodesmana bifida	MAMMALIA	EUTHERIA	EULIPOTYPHLA			Talpidae			Archaeodesmana	bifida	(Engesser, 1980)	2026/06/18 17:48:51.478
Dibolia bifida	species	Archaeodesmana bifida	MAMMALIA	EUTHERIA	EULIPOTYPHLA			Talpidae			Archaeodesmana	bifida	(Engesser, 1980)	2026/06/18 17:48:51.478
Archaeodesmana dekkersi	species	Archaeodesmana getica	MAMMALIA	EUTHERIA	EULIPOTYPHLA			Talpidae			Archaeodesmana	getica	(Tereza, 1980)	2026/06/18 17:48:51.478
Desmana pontica	species	Archaeodesmana pontica	MAMMALIA	EUTHERIA	EULIPOTYPHLA			Talpidae			Archaeodesmana	pontica	(Schreuder, 1940)	2026/06/18 17:48:51.478
Desmanodon meuleni	species	Desmanodon antiquus	MAMMALIA	EUTHERIA	EULIPOTYPHLA			Talpidae			Desmanodon	antiquus	Ziegler, 1985	2026/06/18 17:48:51.478
Desmana kormosi	species	Galemys kormosi	MAMMALIA	EUTHERIA	EULIPOTYPHLA			Talpidae			Galemys	kormosi	(Schreuder, 1940)	2026/06/18 17:48:51.478
Neurotrichus minor	species	Neurotrichus skoczeni	MAMMALIA	EUTHERIA	EULIPOTYPHLA			Talpidae			Neurotrichus	skoczeni	Zijlstra, 2010	2026/06/18 17:48:51.478
Alloscapanus lehmani	species	Proscapanus lehmani	MAMMALIA	EUTHERIA	EULIPOTYPHLA			Talpidae			Proscapanus	lehmani	(Gibert, 1974)	2026/06/18 17:48:51.478
Scaptonulus agrarius	species	Scapanulus agrarius	MAMMALIA	EUTHERIA	EULIPOTYPHLA			Talpidae			Scapanulus	agrarius	Skoczen, 1980	2026/06/18 17:48:51.478
Suleimania ruemkeae	species	Suleimania ruemkae	MAMMALIA	EUTHERIA	EULIPOTYPHLA			Talpidae			Suleimania	ruemkae	Van den Hoek Ostende, 2001	2026/06/18 17:48:51.478
Afropterus gigas	species	Megaderma gaillardi	MAMMALIA	EUTHERIA	CHIROPTERA			Megadermatidae			Megaderma	gaillardi	Trouessart, 1897–1905	2026/06/18 17:48:51.478
Palaenycteris robustus	species	Palaeonycteris robustus	MAMMALIA	EUTHERIA	CHIROPTERA			Rhinolophidae			Palaeonycteris	robustus	Pomel, 1853	2026/06/18 17:48:51.478
Eptesicus noctuloides	species	Miostrellus noctuloides	MAMMALIA	EUTHERIA	CHIROPTERA			Vespertilionidae			Miostrellus	noctuloides		2026/06/18 17:48:51.478
Paleptesicus noctuloides	species	Miostrellus noctuloides	MAMMALIA	EUTHERIA	CHIROPTERA			Vespertilionidae			Miostrellus	noctuloides		2026/06/18 17:48:51.478
Submyotodon peterbuchensis	species	Submyotodon petersbuchensis	MAMMALIA	EUTHERIA	CHIROPTERA			Vespertilionidae			Submyotodon	petersbuchensis	Ziegler, 2003	2026/06/18 17:48:51.478
Myotis bechsteini	species	Myotis bechsteinii	MAMMALIA	EUTHERIA	CHIROPTERA			Vespertilionidae	Myotinae		Myotis	bechsteinii		2026/06/18 17:48:51.478
Kenyapithecus africanus	species	Equatorius africanus	MAMMALIA	EUTHERIA	PRIMATES	Euprimates		Afropithecidae	Equatorinae		Equatorius	africanus		2026/06/18 17:48:51.478
Amphipithecus mogaungensis	species	Pondaungia cotteri	MAMMALIA	EUTHERIA	PRIMATES	Haplorhini		Amphipithecidae			Pondaungia	cotteri		2026/06/18 17:48:51.478
Pondaungia savagei	species	Pondaungia cotteri	MAMMALIA	EUTHERIA	PRIMATES	Haplorhini		Amphipithecidae			Pondaungia	cotteri		2026/06/18 17:48:51.478
Cercopithecoides molletti	species	Cercopithecoides williamsi	MAMMALIA	EUTHERIA	PRIMATES	Euprimates		Cercopithecidae		Papionini	Cercopithecoides	williamsi	Mollett, 1947	2026/06/18 17:48:51.478
Macaca sylvana	species	Macaca sylvanus	MAMMALIA	EUTHERIA	PRIMATES	Euprimates		Cercopithecidae		Papionini	Macaca	sylvanus		2026/06/18 17:48:51.478
Dinopithecus ingens	species	Papio ingens	MAMMALIA	EUTHERIA	PRIMATES	Euprimates		Cercopithecidae		Papionini	Papio	ingens	(Broom, 1937)	2026/06/18 17:48:51.478
Rhinocolobus mutiwa	species	Paracolobus mutiwa	MAMMALIA	EUTHERIA	PRIMATES	Euprimates		Cercopithecidae		Papionini	Paracolobus	mutiwa		2026/06/18 17:48:51.478
Simopithecus oswaldi	species	Theropithecus oswaldi	MAMMALIA	EUTHERIA	PRIMATES	Euprimates		Cercopithecidae		Papionini	Theropithecus	oswaldi	(Andrews, 1916)	2026/06/18 17:48:51.478
Theropithecus darti	species	Theropithecus oswaldi	MAMMALIA	EUTHERIA	PRIMATES	Euprimates		Cercopithecidae		Papionini	Theropithecus	oswaldi		2026/06/18 17:48:51.478
Eosimias paukkaungensis	species	Bahinia pondaungensis	MAMMALIA	EUTHERIA	PRIMATES	Euprimates		Eosimiidae			Bahinia	pondaungensis		2026/06/18 17:48:51.478
Paranthropus africanus	species	Australopithecus africanus	MAMMALIA	EUTHERIA	PRIMATES	Euprimates		Hominidae		Hominini	Australopithecus	africanus	Dart, 1925	2026/06/18 17:48:51.478
Dryopithecus crusafonti	species	Hispanopithecus crusafonti	MAMMALIA	EUTHERIA	PRIMATES	Euprimates		Hominidae		Hispanopithecini	Hispanopithecus	crusafonti		2026/06/18 17:48:51.478
Dryopithecus laietanus	species	Hispanopithecus laietanus	MAMMALIA	EUTHERIA	PRIMATES	Euprimates		Hominidae		Hispanopithecini	Hispanopithecus	laietanus		2026/06/18 17:48:51.478
Homo cepranensis	species	Homo heidelbergensis	MAMMALIA	EUTHERIA	PRIMATES	Euprimates		Hominidae		Hominini	Homo	heidelbergensis		2026/06/18 17:48:51.478
Lufengpithecus chiangmuanensis	species	Khoratpithecus chiangmuanensis	MAMMALIA	EUTHERIA	PRIMATES	Euprimates		Hominidae		Pongini	Khoratpithecus	chiangmuanensis		2026/06/18 17:48:51.478
Australopithecus boisei	species	Paranthropus boisei	MAMMALIA	EUTHERIA	PRIMATES	Euprimates		Hominidae		Hominini	Paranthropus	boisei		2026/06/18 17:48:51.478
Hispanopithecus hungaricus	species	Rudapithecus hungaricus	MAMMALIA	EUTHERIA	PRIMATES	Euprimates		Hominidae		Hispanopithecini	Rudapithecus	hungaricus		2026/06/18 17:48:51.478
Pliopithecus brancoi	species	Neopithecus brancoi	MAMMALIA	EUTHERIA	PRIMATES	Euprimates		Hominidae	Dryopithecinae		Neopithecus	brancoi		2026/06/18 17:48:51.478
Ouranopithecus turkae	species	Anadoluvius turkae	MAMMALIA	EUTHERIA	PRIMATES	Euprimates		Hominidae	Homininae		Anadoluvius	turkae	(Güleç, Sevim, Pehlevan & Kaya, 2007)	2026/06/18 17:48:51.478
Pliopithecus krishnaii	species	Krishnapithecus krishnaii	MAMMALIA	EUTHERIA	PRIMATES		Pliopithecoidea	Krishnapithecidae			Krishnapithecus	krishnaii	Chopra and Kaul 1979	2026/06/18 17:48:51.478
Apidium phiomense	species	Apidium phiomensis	MAMMALIA	EUTHERIA	PRIMATES	Euprimates		Parapithecidae	Parapithecinae		Apidium	phiomensis		2026/06/18 17:48:51.478
Pliopithecus vindobonensis	species	Epipliopithecus vindobonensis	MAMMALIA	EUTHERIA	PRIMATES		Pliopithecoidea	Pliopithecidae			Epipliopithecus	vindobonensis		2026/06/18 17:48:51.478
Proconsul heseloni	species	Ekembo heseloni	MAMMALIA	EUTHERIA	PRIMATES	Euprimates		Proconsulidae			Ekembo	heseloni		2026/06/18 17:48:51.478
Proconsul nyanzae	species	Ekembo nyanzae	MAMMALIA	EUTHERIA	PRIMATES	Euprimates		Proconsulidae			Ekembo	nyanzae		2026/06/18 17:48:51.478
Micropithecus songhorensis	species	Kalepithecus songhorensis	MAMMALIA	EUTHERIA	PRIMATES	Euprimates		Proconsulidae			Kalepithecus	songhorensis		2026/06/18 17:48:51.478
Ugandapithecus gitongai	species	Proconsul gitongai	MAMMALIA	EUTHERIA	PRIMATES	Euprimates		Proconsulidae	Proconsulinae		Proconsul	gitongai		2026/06/18 17:48:51.478
Ugandapithecus major	species	Proconsul major	MAMMALIA	EUTHERIA	PRIMATES	Euprimates		Proconsulidae	Proconsulinae		Proconsul	major		2026/06/18 17:48:51.478
Alophia metios	species	Alophe metios	MAMMALIA	EUTHERIA	PRIMATES		Cercopithecoidea	Victoriapithecidae			Alophe	metios	Rasmussen 2019	2026/06/18 17:48:51.478
Prohylobates kipsaramanensis	species	Noropithecus kipsaramanensis	MAMMALIA	EUTHERIA	PRIMATES		Cercopithecoidea	Victoriapithecidae			Noropithecus	kipsaramanensis		2026/06/18 17:48:51.478
Prohylobates macinnesi	species	Victoriapithecus macinnesi	MAMMALIA	EUTHERIA	PRIMATES		Cercopithecoidea	Victoriapithecidae			Victoriapithecus	macinnesi		2026/06/18 17:48:51.478
Victoriapithecus leakeyi	species	Victoriapithecus macinnesi	MAMMALIA	EUTHERIA	PRIMATES		Cercopithecoidea	Victoriapithecidae			Victoriapithecus	macinnesi		2026/06/18 17:48:51.478
Prohylobates simonsi	species	Zaltanpithecus simonsi	MAMMALIA	EUTHERIA	PRIMATES		Cercopithecoidea	Victoriapithecidae			Zaltanpithecus	simonsi	Delson 1979	2026/06/18 17:48:51.478
Gashatostylops macrodon	species	Palaeostylops macrodon	MAMMALIA	EUTHERIA	ARCTOSTYLOPIDA			Arctostylopidae			Palaeostylops	macrodon	Matthew, Granger and Simpson, 1929	2026/06/18 17:48:51.478
Harpagolestes koreanicum	species	Harpagolestes koreanicus	MAMMALIA	EUTHERIA	MESONYCHIA			Mesonychidae	Mesonychinae		Harpagolestes	koreanicus	Wortman 1901	2026/06/18 17:48:51.478
Zeuglodon cetoides	species	Basilosaurus cetoides	MAMMALIA	EUTHERIA	CETACEA			Basilosauridae			Basilosaurus	cetoides	Owen, 1839	2026/06/18 17:48:51.478
Zeuglodon isis	species	Basilosaurus isis	MAMMALIA	EUTHERIA	CETACEA			Basilosauridae			Basilosaurus	isis	Andrews, 1904	2026/06/18 17:48:51.478
Zeuglodon osiris	species	Saghacetus osiris	MAMMALIA	EUTHERIA	CETACEA			Basilosauridae			Saghacetus	osiris	Gingerich, 1992	2026/06/18 17:48:51.478
Pseudamphimeryx pavlowiae	species	Pseudamphimeryx pavloviae	MAMMALIA	EUTHERIA	ARTIODACTYLA			Amphimerycidae			Pseudamphimeryx	pavloviae		2026/06/18 17:48:51.478
Anthracothema crassum	species	Anthracotherium crassum	MAMMALIA	EUTHERIA	ARTIODACTYLA			Anthracotheriidae	Anthracotheriinae		Anthracotherium	crassum	Pilgram and Cotter, 1916	2026/06/18 17:48:51.478
Rhagatherium aegyptiacum	species	Nabotherium aegyptiacum	MAMMALIA	EUTHERIA	ARTIODACTYLA			Anthracotheriidae	Anthracotheriinae		Nabotherium	aegyptiacum	Andrews 1906	2026/06/18 17:48:51.478
Afrophoca libyca	species	Afromeryx zelteni	MAMMALIA	EUTHERIA	ARTIODACTYLA			Anthracotheriidae	Bothriodontinae		Afromeryx	zelteni		2026/06/18 17:48:51.478
Masritherium aequatoralis	species	Brachyodus aequatorialis	MAMMALIA	EUTHERIA	ARTIODACTYLA			Anthracotheriidae	Bothriodontinae		Brachyodus	aequatorialis	MacInnes, 1951	2026/06/18 17:48:51.478
Rusingameryx aequatorialis	species	Brachyodus aequatorialis	MAMMALIA	EUTHERIA	ARTIODACTYLA			Anthracotheriidae	Bothriodontinae		Brachyodus	aequatorialis	MacInnes, 1951	2026/06/18 17:48:51.478
Brachyodus africanus	species	Brachyodus depereti	MAMMALIA	EUTHERIA	ARTIODACTYLA			Anthracotheriidae	Bothriodontinae		Brachyodus	depereti		2026/06/18 17:48:51.478
Brachyodus borbonicus	species	Elomeryx borbonicus	MAMMALIA	EUTHERIA	ARTIODACTYLA			Anthracotheriidae	Bothriodontinae		Elomeryx	borbonicus		2026/06/18 17:48:51.478
Merycopotamus anisae	species	Libycosaurus anisae	MAMMALIA	EUTHERIA	ARTIODACTYLA			Anthracotheriidae	Bothriodontinae		Libycosaurus	anisae	Black, 1972	2026/06/18 17:48:51.478
Merycopotamus petrocchii	species	Libycosaurus petrocchii	MAMMALIA	EUTHERIA	ARTIODACTYLA			Anthracotheriidae	Bothriodontinae		Libycosaurus	petrocchii	Bonarelli, 1947	2026/06/18 17:48:51.478
Bothriogenys parvus	species	Qatraniodon parvus	MAMMALIA	EUTHERIA	ARTIODACTYLA			Anthracotheriidae	Bothriodontinae		Qatraniodon	parvus	(Andrews, 1906)	2026/06/18 17:48:51.478
Hyoboops africanus	species	Sivameryx africanus	MAMMALIA	EUTHERIA	ARTIODACTYLA			Anthracotheriidae	Bothriodontinae		Sivameryx	africanus	(Andrews, 1914)	2026/06/18 17:48:51.478
Hyoboops moneyi	species	Sivameryx moneyi	MAMMALIA	EUTHERIA	ARTIODACTYLA			Anthracotheriidae	Bothriodontinae		Sivameryx	moneyi		2026/06/18 17:48:51.478
Hyoboops palaeindicus	species	Sivameryx palaeindicus	MAMMALIA	EUTHERIA	ARTIODACTYLA			Anthracotheriidae	Bothriodontinae		Sivameryx	palaeindicus		2026/06/18 17:48:51.478
Sivameryx palaeindicum	species	Sivameryx palaeindicus	MAMMALIA	EUTHERIA	ARTIODACTYLA			Anthracotheriidae	Bothriodontinae		Sivameryx	palaeindicus		2026/06/18 17:48:51.478
Anthracotherium birmanicum	species	Anthracokeryx birmanicus	MAMMALIA	EUTHERIA	ARTIODACTYLA			Anthracotheriidae	Microbunodontinae		Anthracokeryx	birmanicus		2026/06/18 17:48:51.478
Anthracotherium birmanicus	species	Anthracokeryx birmanicus	MAMMALIA	EUTHERIA	ARTIODACTYLA			Anthracotheriidae	Microbunodontinae		Anthracokeryx	birmanicus		2026/06/18 17:48:51.478
Submeryceros crucianus	species	Merycodus crucianus	MAMMALIA	EUTHERIA	ARTIODACTYLA			Antilocapridae	Merycodontinae		Merycodus	crucianus	(Frick, 1937)	2026/06/18 17:48:51.478
Submeryceros minimus	species	Merycodus minimus	MAMMALIA	EUTHERIA	ARTIODACTYLA			Antilocapridae	Merycodontinae		Merycodus	minimus	(Frick, 1937)	2026/06/18 17:48:51.478
Submeryceros minor	species	Merycodus minor	MAMMALIA	EUTHERIA	ARTIODACTYLA			Antilocapridae	Merycodontinae		Merycodus	minor	(Frick, 1937)	2026/06/18 17:48:51.478
Afrotragus premelampus	species	Aepyceros premelampus	MAMMALIA	EUTHERIA	ARTIODACTYLA			Bovidae		Aepycerotini	Aepyceros	premelampus	Harris, 2003	2026/06/18 17:48:51.478
Dytikodorcas libycus	species	Afrotragus libycus	MAMMALIA	EUTHERIA	ARTIODACTYLA			Bovidae			Afrotragus	libycus		2026/06/18 17:48:51.478
Prostrepsiceros libycus	species	Afrotragus libycus	MAMMALIA	EUTHERIA	ARTIODACTYLA			Bovidae			Afrotragus	libycus		2026/06/18 17:48:51.478
Gazella bondi	species	Antidorcas bondi	MAMMALIA	EUTHERIA	ARTIODACTYLA			Bovidae		Antilopini	Antidorcas	bondi	(Cooke and Wells, 1951)	2026/06/18 17:48:51.478
Antidorcas marsupiallis	species	Antidorcas marsupialis	MAMMALIA	EUTHERIA	ARTIODACTYLA			Bovidae		Antilopini	Antidorcas	marsupialis		2026/06/18 17:48:51.478
Damaliscus hunteri	species	Beatragus hunteri	MAMMALIA	EUTHERIA	ARTIODACTYLA			Bovidae			Beatragus	hunteri	(Sclater, 1889)	2026/06/18 17:48:51.478
Portax namadicus	species	Boselaphus namadicus	MAMMALIA	EUTHERIA	ARTIODACTYLA			Bovidae			Boselaphus	namadicus	(Rütimeyer, 1878)	2026/06/18 17:48:51.478
Hemitragus albus	species	Capra alba	MAMMALIA	EUTHERIA	ARTIODACTYLA			Bovidae		Caprini	Capra	alba		2026/06/18 17:48:51.478
Cephalophus indet	species	Cephalophus parvus	MAMMALIA	EUTHERIA	ARTIODACTYLA			Bovidae			Cephalophus	parvus	Broom, 1934	2026/06/18 17:48:51.478
Antilope tournoueri	species	Connochaetes tournoueri	MAMMALIA	EUTHERIA	ARTIODACTYLA			Bovidae		Alcelaphini	Connochaetes	tournoueri		2026/06/18 17:48:51.478
Oreonagor tournoueri	species	Connochaetes tournoueri	MAMMALIA	EUTHERIA	ARTIODACTYLA			Bovidae		Alcelaphini	Connochaetes	tournoueri		2026/06/18 17:48:51.478
Parmularius eppsi	species	Damaliscus eppsi	MAMMALIA	EUTHERIA	ARTIODACTYLA			Bovidae		Alcelaphini	Damaliscus	eppsi		2026/06/18 17:48:51.478
Numidocapra porrocornutus	species	Damaliscus porrocurnutus	MAMMALIA	EUTHERIA	ARTIODACTYLA			Bovidae		Alcelaphini	Damaliscus	porrocurnutus		2026/06/18 17:48:51.478
Tragoreas lagrelii	species	Dorcadoryx lagrelii	MAMMALIA	EUTHERIA	ARTIODACTYLA			Bovidae			Dorcadoryx	lagrelii	(Bohlin, 1935)	2026/06/18 17:48:51.478
Gazella praethomsoni	species	Eudorcas praethomsoni	MAMMALIA	EUTHERIA	ARTIODACTYLA			Bovidae		Antilopini	Eudorcas	praethomsoni	(Arambourg, 1947)	2026/06/18 17:48:51.478
Gazella rufifrons	species	Eudorcas rufifrons	MAMMALIA	EUTHERIA	ARTIODACTYLA			Bovidae		Antilopini	Eudorcas	rufifrons		2026/06/18 17:48:51.478
Gazella thomsonii	species	Eudorcas thomsonii	MAMMALIA	EUTHERIA	ARTIODACTYLA			Bovidae		Antilopini	Eudorcas	thomsonii		2026/06/18 17:48:51.478
Antilope capricornis	species	Gazella capricornis	MAMMALIA	EUTHERIA	ARTIODACTYLA			Bovidae		Antilopini	Gazella	capricornis	(Wagner, 1848)	2026/06/18 17:48:51.478
Gazella brevicornis	species	Gazella capricornis	MAMMALIA	EUTHERIA	ARTIODACTYLA			Bovidae		Antilopini	Gazella	capricornis	(Wagner, 1848)	2026/06/18 17:48:51.478
Antilope gazella	species	Gazella gazella	MAMMALIA	EUTHERIA	ARTIODACTYLA			Bovidae		Antilopini	Gazella	gazella	(Palles, 1766)	2026/06/18 17:48:51.478
Phenacotragus vanhoepeni	species	Gazella vanhoepeni	MAMMALIA	EUTHERIA	ARTIODACTYLA			Bovidae		Antilopini	Gazella	vanhoepeni		2026/06/18 17:48:51.478
Antilospira gromovae	species	Gazellospira gromovae	MAMMALIA	EUTHERIA	ARTIODACTYLA			Bovidae			Gazellospira	gromovae	Dmitrieva, 1975	2026/06/18 17:48:51.478
Gazella torticornis	species	Gazellospira torticornis	MAMMALIA	EUTHERIA	ARTIODACTYLA			Bovidae			Gazellospira	torticornis		2026/06/18 17:48:51.478
Parastrepsiceros sokolovi	species	Gazellospira torticornis	MAMMALIA	EUTHERIA	ARTIODACTYLA			Bovidae			Gazellospira	torticornis	(Vekua, 1968)	2026/06/18 17:48:51.478
Caprotragoides gentryi	species	Gentrytragus gentryi	MAMMALIA	EUTHERIA	ARTIODACTYLA			Bovidae			Gentrytragus	gentryi	(Thomas, 1981)	2026/06/18 17:48:51.478
Pseudotragus gentry	species	Gentrytragus gentryi	MAMMALIA	EUTHERIA	ARTIODACTYLA			Bovidae			Gentrytragus	gentryi	(Thomas, 1981)	2026/06/18 17:48:51.478
Pseudotragus gentryi	species	Gentrytragus gentryi	MAMMALIA	EUTHERIA	ARTIODACTYLA			Bovidae			Gentrytragus	gentryi	(Thomas, 1981)	2026/06/18 17:48:51.478
Plesiaddax minor	species	Hezhengia minor	MAMMALIA	EUTHERIA	ARTIODACTYLA			Bovidae			Hezhengia	minor	(Bohlin, 1935)	2026/06/18 17:48:51.478
Sivatragus bohlini	species	Hippotragus bohlini	MAMMALIA	EUTHERIA	ARTIODACTYLA			Bovidae		Hippotragini	Hippotragus	bohlini	(Pilgrim, 1939)	2026/06/18 17:48:51.478
Oioceros tanyceros	species	Hypsodontus tanyceras	MAMMALIA	EUTHERIA	ARTIODACTYLA			Bovidae			Hypsodontus	tanyceras		2026/06/18 17:48:51.478
Protragocerus labidotus	species	Kipsigicerus labidotus	MAMMALIA	EUTHERIA	ARTIODACTYLA			Bovidae			Kipsigicerus	labidotus		2026/06/18 17:48:51.478
Kobus ancesrocera	species	Kobus ancystrocera	MAMMALIA	EUTHERIA	ARTIODACTYLA			Bovidae		Reduncini	Kobus	ancystrocera		2026/06/18 17:48:51.478
Redunca ancystrocera	species	Kobus ancystrocera	MAMMALIA	EUTHERIA	ARTIODACTYLA			Bovidae		Reduncini	Kobus	ancystrocera		2026/06/18 17:48:51.478
Onotragus leche	species	Kobus leche	MAMMALIA	EUTHERIA	ARTIODACTYLA			Bovidae		Reduncini	Kobus	leche	Gray, 1850	2026/06/18 17:48:51.478
Kobus oricornis	species	Kobus oricornus	MAMMALIA	EUTHERIA	ARTIODACTYLA			Bovidae		Reduncini	Kobus	oricornus		2026/06/18 17:48:51.478
Hypsodontus pickfordi	species	Kubanotragus pickfordi	MAMMALIA	EUTHERIA	ARTIODACTYLA			Bovidae			Kubanotragus	pickfordi	(Thomas, 1984)	2026/06/18 17:48:51.478
Nyanzameryx pickfordi	species	Kubanotragus pickfordi	MAMMALIA	EUTHERIA	ARTIODACTYLA			Bovidae			Kubanotragus	pickfordi	(Thomas, 1984)	2026/06/18 17:48:51.478
Hypsodontus sokolovi	species	Kubanotragus sokolovi	MAMMALIA	EUTHERIA	ARTIODACTYLA			Bovidae			Kubanotragus	sokolovi	Gabunia, 1973	2026/06/18 17:48:51.478
Premadoqua avifluminis	species	Madoqua avifluminis	MAMMALIA	EUTHERIA	ARTIODACTYLA			Bovidae		Neotragini	Madoqua	avifluminis	Dietrich 1950	2026/06/18 17:48:51.478
Palaeoreas brachyceras	species	Majoreas elegans	MAMMALIA	EUTHERIA	ARTIODACTYLA			Bovidae		Antilopini	Majoreas	elegans	(Ozansoy, 1965)	2026/06/18 17:48:51.478
Palaeoreas elegans	species	Majoreas elegans	MAMMALIA	EUTHERIA	ARTIODACTYLA			Bovidae		Antilopini	Majoreas	elegans	(Ozansoy, 1965)	2026/06/18 17:48:51.478
Prostrepsiceros elegans	species	Majoreas elegans	MAMMALIA	EUTHERIA	ARTIODACTYLA			Bovidae		Antilopini	Majoreas	elegans	(Ozansoy, 1965)	2026/06/18 17:48:51.478
Palaeoreas asiaticus	species	Majoreas woodwardi	MAMMALIA	EUTHERIA	ARTIODACTYLA			Bovidae		Antilopini	Majoreas	woodwardi		2026/06/18 17:48:51.478
Prostrepsiceros woodwardi	species	Majoreas woodwardi	MAMMALIA	EUTHERIA	ARTIODACTYLA			Bovidae		Antilopini	Majoreas	woodwardi		2026/06/18 17:48:51.478
Rhynotragus semiticus	species	Megalotragus kattwinkeli	MAMMALIA	EUTHERIA	ARTIODACTYLA			Bovidae		Alcelaphini	Megalotragus	kattwinkeli		2026/06/18 17:48:51.478
Alcelaphus helmei	species	Megalotragus priscus	MAMMALIA	EUTHERIA	ARTIODACTYLA			Bovidae		Alcelaphini	Megalotragus	priscus	(Broom, 1909)	2026/06/18 17:48:51.478
Lunatoceras mirum	species	Megalotragus priscus	MAMMALIA	EUTHERIA	ARTIODACTYLA			Bovidae		Alcelaphini	Megalotragus	priscus	(Broom, 1909)	2026/06/18 17:48:51.478
Megalovis gaungxiensis	species	Megalovis guangxiensis	MAMMALIA	EUTHERIA	ARTIODACTYLA			Bovidae			Megalovis	guangxiensis		2026/06/18 17:48:51.478
Mirabilocerus brevicornis	species	Miotragocerus brevicornis	MAMMALIA	EUTHERIA	ARTIODACTYLA			Bovidae		Boselaphini	Miotragocerus	brevicornis	Meladze, 1967	2026/06/18 17:48:51.478
Tragocerus gregarius	species	Miotragocerus gregarius	MAMMALIA	EUTHERIA	ARTIODACTYLA			Bovidae		Boselaphini	Miotragocerus	gregarius	(Schlosser, 1903)	2026/06/18 17:48:51.478
Mirabilocerus maius	species	Miotragocerus maius	MAMMALIA	EUTHERIA	ARTIODACTYLA			Bovidae		Boselaphini	Miotragocerus	maius		2026/06/18 17:48:51.478
Tragocerus maius	species	Miotragocerus maius	MAMMALIA	EUTHERIA	ARTIODACTYLA			Bovidae		Boselaphini	Miotragocerus	maius		2026/06/18 17:48:51.478
Indotragus pilgrimi	species	Miotragocerus pilgrimi	MAMMALIA	EUTHERIA	ARTIODACTYLA			Bovidae		Boselaphini	Miotragocerus	pilgrimi	(Kretzoi, 1941)	2026/06/18 17:48:51.478
Tragoceridus pilgrimi	species	Miotragocerus pilgrimi	MAMMALIA	EUTHERIA	ARTIODACTYLA			Bovidae		Boselaphini	Miotragocerus	pilgrimi	(Kretzoi, 1941)	2026/06/18 17:48:51.478
Dystychocerus gaudryi	species	Miotragocerus valenciennesi	MAMMALIA	EUTHERIA	ARTIODACTYLA			Bovidae		Boselaphini	Miotragocerus	valenciennesi	(Gaudry, 1861)	2026/06/18 17:48:51.478
Graecoryx valenciennesi	species	Miotragocerus valenciennesi	MAMMALIA	EUTHERIA	ARTIODACTYLA			Bovidae		Boselaphini	Miotragocerus	valenciennesi	(Gaudry, 1861)	2026/06/18 17:48:51.478
Miotragocerus gaudryi	species	Miotragocerus valenciennesi	MAMMALIA	EUTHERIA	ARTIODACTYLA			Bovidae		Boselaphini	Miotragocerus	valenciennesi	(Gaudry, 1861)	2026/06/18 17:48:51.478
Miotragoceus valenciennesi	species	Miotragocerus valenciennesi	MAMMALIA	EUTHERIA	ARTIODACTYLA			Bovidae		Boselaphini	Miotragocerus	valenciennesi	(Gaudry, 1861)	2026/06/18 17:48:51.478
Mirabilocerus  vallenciennesi	species	Miotragocerus valenciennesi	MAMMALIA	EUTHERIA	ARTIODACTYLA			Bovidae		Boselaphini	Miotragocerus	valenciennesi	(Gaudry, 1861)	2026/06/18 17:48:51.478
Pikermicerus gaudryi	species	Miotragocerus valenciennesi	MAMMALIA	EUTHERIA	ARTIODACTYLA			Bovidae		Boselaphini	Miotragocerus	valenciennesi	(Gaudry, 1861)	2026/06/18 17:48:51.478
Tragocerus valenciennesi	species	Miotragocerus valenciennesi	MAMMALIA	EUTHERIA	ARTIODACTYLA			Bovidae		Boselaphini	Miotragocerus	valenciennesi	(Gaudry, 1861)	2026/06/18 17:48:51.478
Tragoportax gaudryi	species	Miotragocerus valenciennesi	MAMMALIA	EUTHERIA	ARTIODACTYLA			Bovidae		Boselaphini	Miotragocerus	valenciennesi	(Gaudry, 1861)	2026/06/18 17:48:51.478
Procobus amalthea	species	Moldoredunca amalthea	MAMMALIA	EUTHERIA	ARTIODACTYLA			Bovidae			Moldoredunca	amalthea	Lungu, 1979	2026/06/18 17:48:51.478
Nemorhaedus caudatus	species	Naemorhedus caudatus	MAMMALIA	EUTHERIA	ARTIODACTYLA			Bovidae			Naemorhedus	caudatus		2026/06/18 17:48:51.478
Nemorhaedus cinereus	species	Naemorhedus cinereus	MAMMALIA	EUTHERIA	ARTIODACTYLA			Bovidae			Naemorhedus	cinereus		2026/06/18 17:48:51.478
Nemorhaedus goral	species	Naemorhedus goral	MAMMALIA	EUTHERIA	ARTIODACTYLA			Bovidae			Naemorhedus	goral		2026/06/18 17:48:51.478
Nemorhaedus milneedwardsi	species	Naemorhedus milneedwardsi	MAMMALIA	EUTHERIA	ARTIODACTYLA			Bovidae			Naemorhedus	milneedwardsi		2026/06/18 17:48:51.478
Gazella dama	species	Nanger dama	MAMMALIA	EUTHERIA	ARTIODACTYLA			Bovidae		Antilopini	Nanger	dama		2026/06/18 17:48:51.478
Gazella granti	species	Nanger granti	MAMMALIA	EUTHERIA	ARTIODACTYLA			Bovidae		Antilopini	Nanger	granti		2026/06/18 17:48:51.478
Antilospira incarinatus	species	Nisidorcas planicornis	MAMMALIA	EUTHERIA	ARTIODACTYLA			Bovidae			Nisidorcas	planicornis		2026/06/18 17:48:51.478
Nisidorcas incarinatus	species	Nisidorcas planicornis	MAMMALIA	EUTHERIA	ARTIODACTYLA			Bovidae			Nisidorcas	planicornis		2026/06/18 17:48:51.478
Antilope oreotragus	species	Oreotragus oreotragus	MAMMALIA	EUTHERIA	ARTIODACTYLA			Bovidae		Neotragini	Oreotragus	oreotragus	(Zimmermann, 1783)	2026/06/18 17:48:51.478
Oreotragus major	species	Oreotragus oreotragus	MAMMALIA	EUTHERIA	ARTIODACTYLA			Bovidae		Neotragini	Oreotragus	oreotragus	(Zimmermann, 1783)	2026/06/18 17:48:51.478
Selenoportax giganteus	species	Pachyportax giganteus	MAMMALIA	EUTHERIA	ARTIODACTYLA			Bovidae		Bovini	Pachyportax	giganteus	Akhtar, 1996	2026/06/18 17:48:51.478
Paleoreas zouavei	species	Palaeoreas lindermayeri	MAMMALIA	EUTHERIA	ARTIODACTYLA			Bovidae			Palaeoreas	lindermayeri		2026/06/18 17:48:51.478
Damaliscus angusticornis	species	Parmularius angusticornis	MAMMALIA	EUTHERIA	ARTIODACTYLA			Bovidae		Alcelaphini	Parmularius	angusticornis	(Schwarz, 1937)	2026/06/18 17:48:51.478
Selenoportax falconeri	species	Perimia falconeri	MAMMALIA	EUTHERIA	ARTIODACTYLA			Bovidae			Perimia	falconeri		2026/06/18 17:48:51.478
Megalovis ardeus	species	Pliotragus ardeus	MAMMALIA	EUTHERIA	ARTIODACTYLA			Bovidae			Pliotragus	ardeus	(Depéret, 1884)	2026/06/18 17:48:51.478
Oryx deturi	species	Praedamalis deturi	MAMMALIA	EUTHERIA	ARTIODACTYLA			Bovidae		Hippotragini	Praedamalis	deturi		2026/06/18 17:48:51.478
Oryx howelli	species	Praedamalis howelli	MAMMALIA	EUTHERIA	ARTIODACTYLA			Bovidae		Hippotragini	Praedamalis	howelli	Vrba and Gatesy, 1994	2026/06/18 17:48:51.478
Helicotragus rotundicornis	species	Prostrepsiceros rotundicornis	MAMMALIA	EUTHERIA	ARTIODACTYLA			Bovidae		Antilopini	Prostrepsiceros	rotundicornis	(Weithofer, 1888)	2026/06/18 17:48:51.478
Prostrepsiceros houtumschindleri	species	Prostrepsiceros syridisi	MAMMALIA	EUTHERIA	ARTIODACTYLA			Bovidae		Antilopini	Prostrepsiceros	syridisi		2026/06/18 17:48:51.478
Hemistrepsiceros zitteli	species	Prostrepsiceros zitteli	MAMMALIA	EUTHERIA	ARTIODACTYLA			Bovidae		Antilopini	Prostrepsiceros	zitteli		2026/06/18 17:48:51.478
Pseudotragus capricornis	species	Protoryx capricornis	MAMMALIA	EUTHERIA	ARTIODACTYLA			Bovidae			Protoryx	capricornis	(Schlosser, 1904)	2026/06/18 17:48:51.478
Pseudotragus longicornis	species	Protoryx capricornis	MAMMALIA	EUTHERIA	ARTIODACTYLA			Bovidae			Protoryx	capricornis	(Schlosser, 1904)	2026/06/18 17:48:51.478
Pachytragus solignaci	species	Protoryx solignaci	MAMMALIA	EUTHERIA	ARTIODACTYLA			Bovidae			Protoryx	solignaci		2026/06/18 17:48:51.478
Miotragocerus gluten	species	Protragocerus gluten	MAMMALIA	EUTHERIA	ARTIODACTYLA			Bovidae			Protragocerus	gluten		2026/06/18 17:48:51.478
Strepsiportax gluten	species	Protragocerus gluten	MAMMALIA	EUTHERIA	ARTIODACTYLA			Bovidae			Protragocerus	gluten		2026/06/18 17:48:51.478
Numidocapra arambourgi	species	Rabaticeras arambourgi	MAMMALIA	EUTHERIA	ARTIODACTYLA			Bovidae			Rabaticeras	arambourgi		2026/06/18 17:48:51.478
Antilope melanotis	species	Raphicerus melanotis	MAMMALIA	EUTHERIA	ARTIODACTYLA			Bovidae		Neotragini	Raphicerus	melanotis		2026/06/18 17:48:51.478
Shensispira chowi	species	Shaanxispira chowi	MAMMALIA	EUTHERIA	ARTIODACTYLA			Bovidae			Shaanxispira	chowi	Liu, Li and Zhai, 1978	2026/06/18 17:48:51.478
Ugandax demissum	species	Simatherium demissum	MAMMALIA	EUTHERIA	ARTIODACTYLA			Bovidae		Bovini	Simatherium	demissum		2026/06/18 17:48:51.478
Capra sivalensis	species	Sivacapra sivalensis	MAMMALIA	EUTHERIA	ARTIODACTYLA			Bovidae			Sivacapra	sivalensis	(Lydekker, 1878)	2026/06/18 17:48:51.478
Kobus palaeindicus	species	Sivacobus palaeindicus	MAMMALIA	EUTHERIA	ARTIODACTYLA			Bovidae		Reduncini	Sivacobus	palaeindicus	Lydekker, 1885	2026/06/18 17:48:51.478
Oryx sivalensis	species	Sivoryx sivalensis	MAMMALIA	EUTHERIA	ARTIODACTYLA			Bovidae		Hippotragini	Sivoryx	sivalensis	(Lydekker, 1878)	2026/06/18 17:48:51.478
Pachytragus laticeps	species	Skoufotragus laticeps	MAMMALIA	EUTHERIA	ARTIODACTYLA			Bovidae			Skoufotragus	laticeps		2026/06/18 17:48:51.478
Protoryx laticeps	species	Skoufotragus laticeps	MAMMALIA	EUTHERIA	ARTIODACTYLA			Bovidae			Skoufotragus	laticeps		2026/06/18 17:48:51.478
Pachytragus crassicornis	species	Skoufotragus schlosseri	MAMMALIA	EUTHERIA	ARTIODACTYLA			Bovidae			Skoufotragus	schlosseri	(Andrée, 1926)	2026/06/18 17:48:51.478
Pachytragus schlosseri	species	Skoufotragus schlosseri	MAMMALIA	EUTHERIA	ARTIODACTYLA			Bovidae			Skoufotragus	schlosseri	(Andrée, 1926)	2026/06/18 17:48:51.478
Protoryx crassicornis	species	Skoufotragus schlosseri	MAMMALIA	EUTHERIA	ARTIODACTYLA			Bovidae			Skoufotragus	schlosseri	(Andrée, 1926)	2026/06/18 17:48:51.478
Palaeoryx stutzeli	species	Sporadotragus parvidens	MAMMALIA	EUTHERIA	ARTIODACTYLA			Bovidae			Sporadotragus	parvidens		2026/06/18 17:48:51.478
Protoryx tadzhikistanica	species	Sporadotragus parvidens	MAMMALIA	EUTHERIA	ARTIODACTYLA			Bovidae			Sporadotragus	parvidens		2026/06/18 17:48:51.478
Pseudotragus parvidens	species	Sporadotragus parvidens	MAMMALIA	EUTHERIA	ARTIODACTYLA			Bovidae			Sporadotragus	parvidens		2026/06/18 17:48:51.478
Simatherium shungurense	species	Syncerus acoelotus	MAMMALIA	EUTHERIA	ARTIODACTYLA			Bovidae		Bovini	Syncerus	acoelotus		2026/06/18 17:48:51.478
Pelorovis antiquus	species	Syncerus antiquus	MAMMALIA	EUTHERIA	ARTIODACTYLA			Bovidae		Bovini	Syncerus	antiquus		2026/06/18 17:48:51.478
Bathyleptodon aberrans	species	Syncerus caffer	MAMMALIA	EUTHERIA	ARTIODACTYLA			Bovidae		Bovini	Syncerus	caffer		2026/06/18 17:48:51.478
Bos caffer	species	Syncerus caffer	MAMMALIA	EUTHERIA	ARTIODACTYLA			Bovidae		Bovini	Syncerus	caffer		2026/06/18 17:48:51.478
Homoioceras singae	species	Syncerus caffer	MAMMALIA	EUTHERIA	ARTIODACTYLA			Bovidae		Bovini	Syncerus	caffer		2026/06/18 17:48:51.478
Tragelaphus arkelli	species	Taurotragus arkelli	MAMMALIA	EUTHERIA	ARTIODACTYLA			Bovidae		Tragelaphini	Taurotragus	arkelli		2026/06/18 17:48:51.478
Tragelaphus oryx	species	Taurotragus oryx	MAMMALIA	EUTHERIA	ARTIODACTYLA			Bovidae		Tragelaphini	Taurotragus	oryx		2026/06/18 17:48:51.478
Tethytragus koehleri	species	Tethytragus koehlerae	MAMMALIA	EUTHERIA	ARTIODACTYLA			Bovidae			Tethytragus	koehlerae	Azanza and Morales, 1994	2026/06/18 17:48:51.478
Caprotragoides stehlini	species	Tethytragus stehlini	MAMMALIA	EUTHERIA	ARTIODACTYLA			Bovidae			Tethytragus	stehlini	(Thenius, 1951)	2026/06/18 17:48:51.478
Gazella stehlini	species	Tethytragus stehlini	MAMMALIA	EUTHERIA	ARTIODACTYLA			Bovidae			Tethytragus	stehlini	(Thenius, 1951)	2026/06/18 17:48:51.478
Tetraceros quadricornis	species	Tetracerus quadricornis	MAMMALIA	EUTHERIA	ARTIODACTYLA			Bovidae			Tetracerus	quadricornis		2026/06/18 17:48:51.478
Taurotragus gaudryi	species	Tragelaphus gaudryi	MAMMALIA	EUTHERIA	ARTIODACTYLA			Bovidae		Tragelaphini	Tragelaphus	gaudryi	Thomas, 1884	2026/06/18 17:48:51.478
Tragelaphus kyaloi	species	Tragelaphus kyaloae	MAMMALIA	EUTHERIA	ARTIODACTYLA			Bovidae		Tragelaphini	Tragelaphus	kyaloae	Harris, 1991	2026/06/18 17:48:51.478
Strepsiceros strepsiceros	species	Tragelaphus strepsiceros	MAMMALIA	EUTHERIA	ARTIODACTYLA			Bovidae		Tragelaphini	Tragelaphus	strepsiceros		2026/06/18 17:48:51.478
Miotragocerus cyrenaicus	species	Tragoportax cyrenaicus	MAMMALIA	EUTHERIA	ARTIODACTYLA			Bovidae		Boselaphini	Tragoportax	cyrenaicus		2026/06/18 17:48:51.478
Tragoceridus punjabicus	species	Tragoportax punjabicus	MAMMALIA	EUTHERIA	ARTIODACTYLA			Bovidae		Boselaphini	Tragoportax	punjabicus	(Pilgrim, 1910)	2026/06/18 17:48:51.478
Tragocerus punjabicus	species	Tragoportax punjabicus	MAMMALIA	EUTHERIA	ARTIODACTYLA			Bovidae		Boselaphini	Tragoportax	punjabicus	(Pilgrim, 1910)	2026/06/18 17:48:51.478
Miotragocerus rugosifrons	species	Tragoportax rugosifrons	MAMMALIA	EUTHERIA	ARTIODACTYLA			Bovidae		Boselaphini	Tragoportax	rugosifrons	(Schlosser, 1904)	2026/06/18 17:48:51.478
Tragocerus rugosifrons	species	Tragoportax rugosifrons	MAMMALIA	EUTHERIA	ARTIODACTYLA			Bovidae		Boselaphini	Tragoportax	rugosifrons	(Schlosser, 1904)	2026/06/18 17:48:51.478
Miotragocerus spectabilis	species	Tragoportax spectabilis	MAMMALIA	EUTHERIA	ARTIODACTYLA			Bovidae		Boselaphini	Tragoportax	spectabilis		2026/06/18 17:48:51.478
Tragocerus spectabilis	species	Tragoportax spectabilis	MAMMALIA	EUTHERIA	ARTIODACTYLA			Bovidae		Boselaphini	Tragoportax	spectabilis		2026/06/18 17:48:51.478
Eotragus halamagaiensis	species	Turcocerus halamagaiensis	MAMMALIA	EUTHERIA	ARTIODACTYLA			Bovidae			Turcocerus	halamagaiensis	(Ye, 1989)	2026/06/18 17:48:51.478
Oioceros lishanensis	species	Turcocerus lishanensis	MAMMALIA	EUTHERIA	ARTIODACTYLA			Bovidae			Turcocerus	lishanensis	(Li and Wu, 1978)	2026/06/18 17:48:51.478
Oioceros noverca	species	Turcocerus noverca	MAMMALIA	EUTHERIA	ARTIODACTYLA			Bovidae			Turcocerus	noverca	(Pilgrim, 1934)	2026/06/18 17:48:51.478
Kobus patulicornis	species	Vishnucobus patulicornis	MAMMALIA	EUTHERIA	ARTIODACTYLA			Bovidae		Reduncini	Vishnucobus	patulicornis	Pilgrim, 1939	2026/06/18 17:48:51.478
Damalborea sp	species	Damalborea grayi	MAMMALIA	EUTHERIA	ARTIODACTYLA			Bovidae	Alcelaphinae		Damalborea	grayi		2026/06/18 17:48:51.478
Damalops denendorae	species	Damalborea grayi	MAMMALIA	EUTHERIA	ARTIODACTYLA			Bovidae	Alcelaphinae		Damalborea	grayi		2026/06/18 17:48:51.478
Damalops grayi	species	Damalborea grayi	MAMMALIA	EUTHERIA	ARTIODACTYLA			Bovidae	Alcelaphinae		Damalborea	grayi		2026/06/18 17:48:51.478
Antilope palaeindicus	species	Damalops palaeindicus	MAMMALIA	EUTHERIA	ARTIODACTYLA			Bovidae	Alcelaphinae		Damalops	palaeindicus	(Falconer, 1859)	2026/06/18 17:48:51.478
Damalborea elisabethane	species	Damalops sidihakomai	MAMMALIA	EUTHERIA	ARTIODACTYLA			Bovidae	Alcelaphinae		Damalops	sidihakomai	Vrba, 1997	2026/06/18 17:48:51.478
Gazella rodleri	species	Demecquenemia rodleri	MAMMALIA	EUTHERIA	ARTIODACTYLA			Bovidae	Antilopinae		Demecquenemia	rodleri	(Pilgrim and Hopwood, 1928)	2026/06/18 17:48:51.478
Hispanodorcas rodleri	species	Demecquenemia rodleri	MAMMALIA	EUTHERIA	ARTIODACTYLA			Bovidae	Antilopinae		Demecquenemia	rodleri	(Pilgrim and Hopwood, 1928)	2026/06/18 17:48:51.478
Samotragus occidentalis	species	Oioceros occidentalis	MAMMALIA	EUTHERIA	ARTIODACTYLA			Bovidae	Antilopinae		Oioceros	occidentalis	(Masini and Thomas, 1989)	2026/06/18 17:48:51.478
Oioceros wegneri	species	Paraoioceros wegneri	MAMMALIA	EUTHERIA	ARTIODACTYLA			Bovidae	Antilopinae		Paraoioceros	wegneri	(Andrée, 1926)	2026/06/18 17:48:51.478
Paraoioceros improvisus	species	Paraoioceros wegneri	MAMMALIA	EUTHERIA	ARTIODACTYLA			Bovidae	Antilopinae		Paraoioceros	wegneri	(Andrée, 1926)	2026/06/18 17:48:51.478
Gazella gutturosa	species	Procapra gutturosa	MAMMALIA	EUTHERIA	ARTIODACTYLA			Bovidae	Antilopinae		Procapra	gutturosa		2026/06/18 17:48:51.478
Gazella picticaudata	species	Procapra przewalskii	MAMMALIA	EUTHERIA	ARTIODACTYLA			Bovidae	Antilopinae		Procapra	przewalskii	Büchner, 1891	2026/06/18 17:48:51.478
Oioceros praecursor	species	Samotragus praecursor	MAMMALIA	EUTHERIA	ARTIODACTYLA			Bovidae	Antilopinae		Samotragus	praecursor	Bouvrain and de Bonis, 1985	2026/06/18 17:48:51.478
Gazella palaeosinensis	species	Tragoreas palaeosinensis	MAMMALIA	EUTHERIA	ARTIODACTYLA			Bovidae	Antilopinae		Tragoreas	palaeosinensis	(Schlosser, 1903)	2026/06/18 17:48:51.478
Parurmiatherium rugosifrons	species	Urmiatherium rugosifrons	MAMMALIA	EUTHERIA	ARTIODACTYLA			Bovidae	Antilopinae		Urmiatherium	rugosifrons	(Sickenberg, 1932)	2026/06/18 17:48:51.478
Bibos palaesondaicus	species	Bibos palaesondaicus	MAMMALIA	EUTHERIA	ARTIODACTYLA			Bovidae	Bovinae		Bibos	palaesondaicus		2026/06/18 17:48:51.478
Dmanisibos georgicus	species	Bison georgicus	MAMMALIA	EUTHERIA	ARTIODACTYLA			Bovidae	Bovinae		Bison	georgicus	(Burchak-Abramovich and Vekua, 1994)	2026/06/18 17:48:51.478
Eobison georgicus	species	Bison georgicus	MAMMALIA	EUTHERIA	ARTIODACTYLA			Bovidae	Bovinae		Bison	georgicus	(Burchak-Abramovich and Vekua, 1994)	2026/06/18 17:48:51.478
Bos sivalensis	species	Bison sivalensis	MAMMALIA	EUTHERIA	ARTIODACTYLA			Bovidae	Bovinae		Bison	sivalensis	(Falconer, 1868)	2026/06/18 17:48:51.478
Pelorovis bubaloides	species	Bos bubaloides	MAMMALIA	EUTHERIA	ARTIODACTYLA			Bovidae	Bovinae		Bos	bubaloides		2026/06/18 17:48:51.478
Bibos gaurusgrangeri	species	Bos gaurus	MAMMALIA	EUTHERIA	ARTIODACTYLA			Bovidae	Bovinae		Bos	gaurus	Colbert and Hooijer, 1953	2026/06/18 17:48:51.478
Bibos gaurussinhaleyus	species	Bos gaurus	MAMMALIA	EUTHERIA	ARTIODACTYLA			Bovidae	Bovinae		Bos	gaurus		2026/06/18 17:48:51.478
Pelorovis praeafricanus	species	Bos praeafricanus	MAMMALIA	EUTHERIA	ARTIODACTYLA			Bovidae	Bovinae		Bos	praeafricanus		2026/06/18 17:48:51.478
Bubalus bubalus	species	Bubalus bubalis	MAMMALIA	EUTHERIA	ARTIODACTYLA			Bovidae	Bovinae		Bubalus	bubalis		2026/06/18 17:48:51.478
Bos palaeindicus	species	Bubalus palaeindicus	MAMMALIA	EUTHERIA	ARTIODACTYLA			Bovidae	Bovinae		Bubalus	palaeindicus	(Falconer, 1859)	2026/06/18 17:48:51.478
Hemibos antilopinus	species	Hemibos antelopinus	MAMMALIA	EUTHERIA	ARTIODACTYLA			Bovidae	Bovinae		Hemibos	antelopinus		2026/06/18 17:48:51.478
Bos galerianus	species	Hemibos galerianus	MAMMALIA	EUTHERIA	ARTIODACTYLA			Bovidae	Bovinae		Hemibos	galerianus	(Petronio and Sardella, 1998)	2026/06/18 17:48:51.478
Alephis tigneresi	species	Parabos tigneresi	MAMMALIA	EUTHERIA	ARTIODACTYLA			Bovidae	Bovinae		Parabos	tigneresi	Michaux et al., 1991	2026/06/18 17:48:51.478
Antilope sumatraensis	species	Capricornis sumatraensis	MAMMALIA	EUTHERIA	ARTIODACTYLA			Bovidae	Caprinae		Capricornis	sumatraensis	(Bechstein, 1799)	2026/06/18 17:48:51.478
Naemorhedus sumatraensis	species	Capricornis sumatraensis	MAMMALIA	EUTHERIA	ARTIODACTYLA			Bovidae	Caprinae		Capricornis	sumatraensis	(Bechstein, 1799)	2026/06/18 17:48:51.478
Nemorhaedus sumatraensis	species	Capricornis sumatraensis	MAMMALIA	EUTHERIA	ARTIODACTYLA			Bovidae	Caprinae		Capricornis	sumatraensis	(Bechstein, 1799)	2026/06/18 17:48:51.478
Protoryx yushensis	species	Huabeitragus yushensis	MAMMALIA	EUTHERIA	ARTIODACTYLA			Bovidae	Caprinae		Huabeitragus	yushensis	(Teilhard de Chardin and Trassaert, 1938)	2026/06/18 17:48:51.478
Protoryx planifrons	species	Macrotragus planifrons	MAMMALIA	EUTHERIA	ARTIODACTYLA			Bovidae	Caprinae		Macrotragus	planifrons	(Bohlin, 1935)	2026/06/18 17:48:51.478
Protoryx shansiensis	species	Macrotragus shansiensis	MAMMALIA	EUTHERIA	ARTIODACTYLA			Bovidae	Caprinae		Macrotragus	shansiensis	(Bohlin, 1935)	2026/06/18 17:48:51.478
Insulotragus antiquus	species	Myotragus antiquus	MAMMALIA	EUTHERIA	ARTIODACTYLA			Bovidae	Caprinae		Myotragus	antiquus	Pons-Moya, 1977	2026/06/18 17:48:51.478
Insulotragus pepgonellai	species	Myotragus pepgonellai	MAMMALIA	EUTHERIA	ARTIODACTYLA			Bovidae	Caprinae		Myotragus	pepgonellai	Moya-Sola and Pons-Moya, 1982	2026/06/18 17:48:51.478
Procamelus gracilis	species	Protolabis gracilis	MAMMALIA	EUTHERIA	ARTIODACTYLA			Camelidae	Protolabinae		Protolabis	gracilis	(Leidy, 1858)	2026/06/18 17:48:51.478
Alces carnutorum	species	Cervalces carnutorum	MAMMALIA	EUTHERIA	ARTIODACTYLA		Cervoidea	Cervidae		Alceini	Cervalces	carnutorum	(Laugel, 1862	2026/06/18 17:48:51.478
Cervalces americanus	species	Cervalces scotti	MAMMALIA	EUTHERIA	ARTIODACTYLA		Cervoidea	Cervidae		Alceini	Cervalces	scotti	Lydekker, 1898	2026/06/18 17:48:51.478
Cervus scotti	species	Cervalces scotti	MAMMALIA	EUTHERIA	ARTIODACTYLA		Cervoidea	Cervidae		Alceini	Cervalces	scotti	Lydekker, 1898	2026/06/18 17:48:51.478
Elaphurus bifurcutus	species	Elaphurus bifurcatus	MAMMALIA	EUTHERIA	ARTIODACTYLA		Cervoidea	Cervidae			Elaphurus	bifurcatus		2026/06/18 17:48:51.478
Eucladoceros ctenoides senezensis	species	Eucladoceros ctenoides	MAMMALIA	EUTHERIA	ARTIODACTYLA		Cervoidea	Cervidae			Eucladoceros	ctenoides		2026/06/18 17:48:51.478
Eucladoceros falconeri	species	Eucladoceros ctenoides	MAMMALIA	EUTHERIA	ARTIODACTYLA		Cervoidea	Cervidae			Eucladoceros	ctenoides		2026/06/18 17:48:51.478
Eucladoceros senezensis	species	Eucladoceros ctenoides	MAMMALIA	EUTHERIA	ARTIODACTYLA		Cervoidea	Cervidae			Eucladoceros	ctenoides		2026/06/18 17:48:51.478
Eucladoceros tegulensis	species	Eucladoceros ctenoides	MAMMALIA	EUTHERIA	ARTIODACTYLA		Cervoidea	Cervidae			Eucladoceros	ctenoides		2026/06/18 17:48:51.478
Cervus dicranios	species	Eucladoceros dicranios	MAMMALIA	EUTHERIA	ARTIODACTYLA		Cervoidea	Cervidae			Eucladoceros	dicranios		2026/06/18 17:48:51.478
Cervus dicranius	species	Eucladoceros dicranios	MAMMALIA	EUTHERIA	ARTIODACTYLA		Cervoidea	Cervidae			Eucladoceros	dicranios		2026/06/18 17:48:51.478
Eucladoceros sedgwicki	species	Eucladoceros dicranios	MAMMALIA	EUTHERIA	ARTIODACTYLA		Cervoidea	Cervidae			Eucladoceros	dicranios		2026/06/18 17:48:51.478
Euprox dicranoceros	species	Euprox dicranocerus	MAMMALIA	EUTHERIA	ARTIODACTYLA		Cervoidea	Cervidae			Euprox	dicranocerus		2026/06/18 17:48:51.478
Alces gallicus	species	Libralces gallicus	MAMMALIA	EUTHERIA	ARTIODACTYLA		Cervoidea	Cervidae			Libralces	gallicus		2026/06/18 17:48:51.478
Cervalces gallicus	species	Libralces gallicus	MAMMALIA	EUTHERIA	ARTIODACTYLA		Cervoidea	Cervidae			Libralces	gallicus		2026/06/18 17:48:51.478
Cervus pardinensis	species	Metacervocerus pardinensis	MAMMALIA	EUTHERIA	ARTIODACTYLA		Cervoidea	Cervidae			Metacervocerus	pardinensis		2026/06/18 17:48:51.478
Cervus rhenanus	species	Metacervocerus rhenanus	MAMMALIA	EUTHERIA	ARTIODACTYLA		Cervoidea	Cervidae			Metacervocerus	rhenanus		2026/06/18 17:48:51.478
Pseudodama rhenanus	species	Metacervocerus rhenanus	MAMMALIA	EUTHERIA	ARTIODACTYLA		Cervoidea	Cervidae			Metacervocerus	rhenanus		2026/06/18 17:48:51.478
Pliocervulus australis	species	Paracervulus australis	MAMMALIA	EUTHERIA	ARTIODACTYLA		Cervoidea	Cervidae			Paracervulus	australis		2026/06/18 17:48:51.478
Stehlinoceros elegantulus	species	Paradicrocerus elegantulus	MAMMALIA	EUTHERIA	ARTIODACTYLA		Cervoidea	Cervidae			Paradicrocerus	elegantulus		2026/06/18 17:48:51.478
Stephanocemas elegantulus	species	Paradicrocerus elegantulus	MAMMALIA	EUTHERIA	ARTIODACTYLA		Cervoidea	Cervidae			Paradicrocerus	elegantulus		2026/06/18 17:48:51.478
Pliocervus pentelicus	species	Pliocervus pentelici	MAMMALIA	EUTHERIA	ARTIODACTYLA		Cervoidea	Cervidae			Pliocervus	pentelici		2026/06/18 17:48:51.478
Megaloceros solilhacus	species	Praemegaceros solilhacus	MAMMALIA	EUTHERIA	ARTIODACTYLA		Cervoidea	Cervidae			Praemegaceros	solilhacus		2026/06/18 17:48:51.478
Megaceroides verticornis	species	Praemegaceros verticornis	MAMMALIA	EUTHERIA	ARTIODACTYLA		Cervoidea	Cervidae			Praemegaceros	verticornis		2026/06/18 17:48:51.478
Megaloceros verticornis	species	Praemegaceros verticornis	MAMMALIA	EUTHERIA	ARTIODACTYLA		Cervoidea	Cervidae			Praemegaceros	verticornis		2026/06/18 17:48:51.478
Lagomeryx  flerovi	species	Procervulus flerovi	MAMMALIA	EUTHERIA	ARTIODACTYLA		Cervoidea	Cervidae			Procervulus	flerovi		2026/06/18 17:48:51.478
Paradicrocerus flerovi	species	Procervulus flerovi	MAMMALIA	EUTHERIA	ARTIODACTYLA		Cervoidea	Cervidae			Procervulus	flerovi		2026/06/18 17:48:51.478
Megaloceros flabellatus	species	Sinomegaceros flabellatus	MAMMALIA	EUTHERIA	ARTIODACTYLA		Cervoidea	Cervidae			Sinomegaceros	flabellatus		2026/06/18 17:48:51.478
Megaloceros ordosianus	species	Sinomegaceros ordosianus	MAMMALIA	EUTHERIA	ARTIODACTYLA		Cervoidea	Cervidae			Sinomegaceros	ordosianus		2026/06/18 17:48:51.478
Megaloceros pachyosteus	species	Sinomegaceros pachyosteus	MAMMALIA	EUTHERIA	ARTIODACTYLA		Cervoidea	Cervidae			Sinomegaceros	pachyosteus		2026/06/18 17:48:51.478
Axis kuhli	species	Axis kuhlii	MAMMALIA	EUTHERIA	ARTIODACTYLA		Cervoidea	Cervidae	Cervinae		Axis	kuhlii		2026/06/18 17:48:51.478
Cervus acoronatus	species	Cervus elaphus	MAMMALIA	EUTHERIA	ARTIODACTYLA		Cervoidea	Cervidae	Cervinae		Cervus	elaphus		2026/06/18 17:48:51.478
Cervus elaphoides	species	Cervus reichenaui	MAMMALIA	EUTHERIA	ARTIODACTYLA		Cervoidea	Cervidae	Cervinae		Cervus	reichenaui	Kahlke, 1995	2026/06/18 17:48:51.478
Rusa unicolor	species	Cervus unicolor	MAMMALIA	EUTHERIA	ARTIODACTYLA		Cervoidea	Cervidae	Cervinae		Cervus	unicolor		2026/06/18 17:48:51.478
Lagomeryx praestans	species	Ligeromeryx praestans	MAMMALIA	EUTHERIA	ARTIODACTYLA		Cervoidea	Cervidae	Lagomerycinae		Ligeromeryx	praestans		2026/06/18 17:48:51.478
Cervulus bohlini	species	Muntiacus bohlini	MAMMALIA	EUTHERIA	ARTIODACTYLA		Cervoidea	Cervidae	Muntiacinae		Muntiacus	bohlini	Teilhard de Jardin, 1940	2026/06/18 17:48:51.478
Gujaratia indica	species	Diacodexis indicus	MAMMALIA	EUTHERIA	ARTIODACTYLA			Dichobunidae	Diacodexeinae		Diacodexis	indicus		2026/06/18 17:48:51.478
Aletomeryx lugni	species	Aletomeryx gracilis	MAMMALIA	EUTHERIA	ARTIODACTYLA			Dromomerycidae	Aletomerycinae		Aletomeryx	gracilis		2026/06/18 17:48:51.478
Aletomeryx scotti	species	Aletomeryx gracilis	MAMMALIA	EUTHERIA	ARTIODACTYLA			Dromomerycidae	Aletomerycinae		Aletomeryx	gracilis		2026/06/18 17:48:51.478
Sinclairomeryx sinclairi	species	Sinclairomeryx riparius	MAMMALIA	EUTHERIA	ARTIODACTYLA			Dromomerycidae	Aletomerycinae		Sinclairomeryx	riparius	C Janis	2026/06/18 17:48:51.478
Sinclairomeryx tedi	species	Sinclairomeryx riparius	MAMMALIA	EUTHERIA	ARTIODACTYLA			Dromomerycidae	Aletomerycinae		Sinclairomeryx	riparius	C Janis	2026/06/18 17:48:51.478
Barbouromeryx cursor	species	Barbouromeryx trigonocorneus	MAMMALIA	EUTHERIA	ARTIODACTYLA			Dromomerycidae	Cranioceratidae		Barbouromeryx	trigonocorneus		2026/06/18 17:48:51.478
Barbouromeryx(Probarbouromeryx sweeti	species	Barbouromeryx trigonocorneus	MAMMALIA	EUTHERIA	ARTIODACTYLA			Dromomerycidae	Cranioceratidae		Barbouromeryx	trigonocorneus		2026/06/18 17:48:51.478
Barbouromeryx(Protobarbouromer marslandensis	species	Barbouromeryx trigonocorneus	MAMMALIA	EUTHERIA	ARTIODACTYLA			Dromomerycidae	Cranioceratidae		Barbouromeryx	trigonocorneus		2026/06/18 17:48:51.478
Blastomeryx vigoratus	species	Barbouromeryx trigonocorneus	MAMMALIA	EUTHERIA	ARTIODACTYLA			Dromomerycidae	Cranioceratidae		Barbouromeryx	trigonocorneus		2026/06/18 17:48:51.478
Blastomeryx(Parablastomeryx) galushi	species	Barbouromeryx trigonocorneus	MAMMALIA	EUTHERIA	ARTIODACTYLA			Dromomerycidae	Cranioceratidae		Barbouromeryx	trigonocorneus		2026/06/18 17:48:51.478
Bouromeryx milleri	species	Bouromeryx americanus	MAMMALIA	EUTHERIA	ARTIODACTYLA			Dromomerycidae	Cranioceratidae		Bouromeryx	americanus		2026/06/18 17:48:51.478
Bouromeryx nebraskensis	species	Bouromeryx americanus	MAMMALIA	EUTHERIA	ARTIODACTYLA			Dromomerycidae	Cranioceratidae		Bouromeryx	americanus		2026/06/18 17:48:51.478
Bouromeryx pawniensis	species	Bouromeryx americanus	MAMMALIA	EUTHERIA	ARTIODACTYLA			Dromomerycidae	Cranioceratidae		Bouromeryx	americanus		2026/06/18 17:48:51.478
Bouromeryx pseudonebraskensis	species	Bouromeryx americanus	MAMMALIA	EUTHERIA	ARTIODACTYLA			Dromomerycidae	Cranioceratidae		Bouromeryx	americanus		2026/06/18 17:48:51.478
Bouromeryx supernebraskensis	species	Bouromeryx americanus	MAMMALIA	EUTHERIA	ARTIODACTYLA			Dromomerycidae	Cranioceratidae		Bouromeryx	americanus		2026/06/18 17:48:51.478
Dromomeryx americanus	species	Bouromeryx americanus	MAMMALIA	EUTHERIA	ARTIODACTYLA			Dromomerycidae	Cranioceratidae		Bouromeryx	americanus		2026/06/18 17:48:51.478
Dromomeryx madisonensis	species	Bouromeryx americanus	MAMMALIA	EUTHERIA	ARTIODACTYLA			Dromomerycidae	Cranioceratidae		Bouromeryx	americanus		2026/06/18 17:48:51.478
Cranioceras clarendonesis	species	Cranioceras teres	MAMMALIA	EUTHERIA	ARTIODACTYLA			Dromomerycidae	Cranioceratidae		Cranioceras	teres		2026/06/18 17:48:51.478
Cranioceras dakotensis	species	Cranioceras teres	MAMMALIA	EUTHERIA	ARTIODACTYLA			Dromomerycidae	Cranioceratidae		Cranioceras	teres		2026/06/18 17:48:51.478
Cranioceras granti	species	Cranioceras unicornis	MAMMALIA	EUTHERIA	ARTIODACTYLA			Dromomerycidae	Cranioceratidae		Cranioceras	unicornis		2026/06/18 17:48:51.478
Cranioceras mefferdi	species	Cranioceras unicornis	MAMMALIA	EUTHERIA	ARTIODACTYLA			Dromomerycidae	Cranioceratidae		Cranioceras	unicornis		2026/06/18 17:48:51.478
Procoilus edensis	species	Pediomeryx hemphillensis	MAMMALIA	EUTHERIA	ARTIODACTYLA			Dromomerycidae	Cranioceratidae		Pediomeryx	hemphillensis		2026/06/18 17:48:51.478
Yumaceras falkenbachi	species	Pediomeryx hemphillensis	MAMMALIA	EUTHERIA	ARTIODACTYLA			Dromomerycidae	Cranioceratidae		Pediomeryx	hemphillensis		2026/06/18 17:48:51.478
Cranioceras(Procranioceras) skinneri	species	Procranioceras skinneri	MAMMALIA	EUTHERIA	ARTIODACTYLA			Dromomerycidae	Cranioceratidae		Procranioceras	skinneri		2026/06/18 17:48:51.478
Drepanomeryx matthewi	species	Drepanomeryx falciformis	MAMMALIA	EUTHERIA	ARTIODACTYLA			Dromomerycidae	Dromomerycinae		Drepanomeryx	falciformis		2026/06/18 17:48:51.478
Dromomeryx pawniensis	species	Dromomeryx borealis	MAMMALIA	EUTHERIA	ARTIODACTYLA			Dromomerycidae	Dromomerycinae		Dromomeryx	borealis		2026/06/18 17:48:51.478
Dromomeryx whitfordi	species	Dromomeryx borealis	MAMMALIA	EUTHERIA	ARTIODACTYLA			Dromomerycidae	Dromomerycinae		Dromomeryx	borealis		2026/06/18 17:48:51.478
Rakomeryx gazini	species	Rakomeryx sinclairi	MAMMALIA	EUTHERIA	ARTIODACTYLA			Dromomerycidae	Dromomerycinae		Rakomeryx	sinclairi		2026/06/18 17:48:51.478
Rakomeryx jorakianus	species	Rakomeryx sinclairi	MAMMALIA	EUTHERIA	ARTIODACTYLA			Dromomerycidae	Dromomerycinae		Rakomeryx	sinclairi		2026/06/18 17:48:51.478
Rakomeryx raki	species	Rakomeryx sinclairi	MAMMALIA	EUTHERIA	ARTIODACTYLA			Dromomerycidae	Dromomerycinae		Rakomeryx	sinclairi		2026/06/18 17:48:51.478
Rakomeryx yermonensis	species	Rakomeryx sinclairi	MAMMALIA	EUTHERIA	ARTIODACTYLA			Dromomerycidae	Dromomerycinae		Rakomeryx	sinclairi		2026/06/18 17:48:51.478
Cranioceras kinseyi	species	Subdromomeryx antilopinus	MAMMALIA	EUTHERIA	ARTIODACTYLA			Dromomerycidae	Dromomerycinae		Subdromomeryx	antilopinus		2026/06/18 17:48:51.478
Dromomeryx antilopinus	species	Subdromomeryx antilopinus	MAMMALIA	EUTHERIA	ARTIODACTYLA			Dromomerycidae	Dromomerycinae		Subdromomeryx	antilopinus		2026/06/18 17:48:51.478
Dromomeryx wilsoni	species	Subdromomeryx antilopinus	MAMMALIA	EUTHERIA	ARTIODACTYLA			Dromomerycidae	Dromomerycinae		Subdromomeryx	antilopinus		2026/06/18 17:48:51.478
Dromomeryx(Subdromomeryx) scotti	species	Subdromomeryx antilopinus	MAMMALIA	EUTHERIA	ARTIODACTYLA			Dromomerycidae	Dromomerycinae		Subdromomeryx	antilopinus		2026/06/18 17:48:51.478
Rakomeryx kinseyi	species	Subdromomeryx antilopinus	MAMMALIA	EUTHERIA	ARTIODACTYLA			Dromomerycidae	Dromomerycinae		Subdromomeryx	antilopinus		2026/06/18 17:48:51.478
Samotherium neumayri	species	Alcicephalus neumayri	MAMMALIA	EUTHERIA	ARTIODACTYLA		Giraffoidea	Giraffidae			Alcicephalus	neumayri	(Rodler & Weithofer)	2026/06/18 17:48:51.478
Giraffa attica	species	Bohlinia attica	MAMMALIA	EUTHERIA	ARTIODACTYLA		Giraffoidea	Giraffidae			Bohlinia	attica		2026/06/18 17:48:51.478
Orasius speciosus	species	Bohlinia attica	MAMMALIA	EUTHERIA	ARTIODACTYLA		Giraffoidea	Giraffidae			Bohlinia	attica		2026/06/18 17:48:51.478
Zarafa zelteni	species	Canthumeryx sirtensis	MAMMALIA	EUTHERIA	ARTIODACTYLA		Giraffoidea	Giraffidae			Canthumeryx	sirtensis		2026/06/18 17:48:51.478
Decennatherium macedoniae	species	Palaeogiraffa macedoniae	MAMMALIA	EUTHERIA	ARTIODACTYLA		Giraffoidea	Giraffidae			Palaeogiraffa	macedoniae		2026/06/18 17:48:51.478
Samotherium pamiri	species	Palaeogiraffa pamiri	MAMMALIA	EUTHERIA	ARTIODACTYLA		Giraffoidea	Giraffidae			Palaeogiraffa	pamiri		2026/06/18 17:48:51.478
Palaeotragus tungurensis	species	Qilin tungurensis	MAMMALIA	EUTHERIA	ARTIODACTYLA		Giraffoidea	Giraffidae		Bohlinini	Qilin	tungurensis	Wang et al., 2025	2026/06/18 17:48:51.478
Samotherium majori	species	Samotherium major	MAMMALIA	EUTHERIA	ARTIODACTYLA		Giraffoidea	Giraffidae			Samotherium	major		2026/06/18 17:48:51.478
Palaeotragus expectans	species	Palaeotragus coelophrys	MAMMALIA	EUTHERIA	ARTIODACTYLA		Giraffoidea	Giraffidae	Paleotragiinae		Palaeotragus	coelophrys		2026/06/18 17:48:51.478
Palaeotragus pavlowae	species	Palaeotragus coelophrys	MAMMALIA	EUTHERIA	ARTIODACTYLA		Giraffoidea	Giraffidae	Paleotragiinae		Palaeotragus	coelophrys		2026/06/18 17:48:51.478
Palaeotragus quadricornis	species	Palaeotragus coelophrys	MAMMALIA	EUTHERIA	ARTIODACTYLA		Giraffoidea	Giraffidae	Paleotragiinae		Palaeotragus	coelophrys		2026/06/18 17:48:51.478
Samotherium decipiens	species	Palaeotragus decipiens	MAMMALIA	EUTHERIA	ARTIODACTYLA		Giraffoidea	Giraffidae	Paleotragiinae		Palaeotragus	decipiens	(Bohlin, 1926)	2026/06/18 17:48:51.478
Palaeotragus roueni	species	Palaeotragus rouenii	MAMMALIA	EUTHERIA	ARTIODACTYLA		Giraffoidea	Giraffidae	Paleotragiinae		Palaeotragus	rouenii		2026/06/18 17:48:51.478
Libytherium maurusium	species	Sivatherium maurusium	MAMMALIA	EUTHERIA	ARTIODACTYLA		Giraffoidea	Giraffidae	Sivatheriinae		Sivatherium	maurusium		2026/06/18 17:48:51.478
Libytherium olduvaiensis	species	Sivatherium maurusium	MAMMALIA	EUTHERIA	ARTIODACTYLA		Giraffoidea	Giraffidae	Sivatheriinae		Sivatherium	maurusium		2026/06/18 17:48:51.478
Trilobophorus afarensis	species	Hexaprotodon afarensis	MAMMALIA	EUTHERIA	ARTIODACTYLA			Hippopotamidae			Hexaprotodon	afarensis		2026/06/18 17:48:51.478
Hippopotamus crusafonti	species	Hexaprotodon crusafonti	MAMMALIA	EUTHERIA	ARTIODACTYLA			Hippopotamidae			Hexaprotodon	crusafonti		2026/06/18 17:48:51.478
Hippopotamus imagunculus	species	Hexaprotodon imagunculus	MAMMALIA	EUTHERIA	ARTIODACTYLA			Hippopotamidae			Hexaprotodon	imagunculus		2026/06/18 17:48:51.478
Hippopotamus palaeindicus	species	Hexaprotodon palaeindicus	MAMMALIA	EUTHERIA	ARTIODACTYLA			Hippopotamidae			Hexaprotodon	palaeindicus		2026/06/18 17:48:51.478
Hippopotamus sivalensis	species	Hexaprotodon sivalensis	MAMMALIA	EUTHERIA	ARTIODACTYLA			Hippopotamidae			Hexaprotodon	sivalensis		2026/06/18 17:48:51.478
Hexaprotodon aethiopicus	species	Hippopotamus aethiopicus	MAMMALIA	EUTHERIA	ARTIODACTYLA			Hippopotamidae			Hippopotamus	aethiopicus		2026/06/18 17:48:51.478
Hippopotamus georgicus	species	Hippopotamus antiquus	MAMMALIA	EUTHERIA	ARTIODACTYLA			Hippopotamidae			Hippopotamus	antiquus	Desmarest, 1822	2026/06/18 17:48:51.478
Hexaprotodon kaisensis	species	Hippopotamus kaisensis	MAMMALIA	EUTHERIA	ARTIODACTYLA			Hippopotamidae			Hippopotamus	kaisensis		2026/06/18 17:48:51.478
Hexaprotodon karumensis	species	Hippopotamus karumensis	MAMMALIA	EUTHERIA	ARTIODACTYLA			Hippopotamidae			Hippopotamus	karumensis		2026/06/18 17:48:51.478
Hexaprotodon protamphibius	species	Hippopotamus protamphibius	MAMMALIA	EUTHERIA	ARTIODACTYLA			Hippopotamidae			Hippopotamus	protamphibius		2026/06/18 17:48:51.478
Hexaprotodon shungurensis	species	Hippopotamus protamphibius	MAMMALIA	EUTHERIA	ARTIODACTYLA			Hippopotamidae			Hippopotamus	protamphibius		2026/06/18 17:48:51.478
Hexaprotodon harvardi	species	Archaeopotamus harvardi	MAMMALIA	EUTHERIA	ARTIODACTYLA			Hippopotamidae	Hippopotaminae		Archaeopotamus	harvardi		2026/06/18 17:48:51.478
Hippopotamus harvardi	species	Archaeopotamus harvardi	MAMMALIA	EUTHERIA	ARTIODACTYLA			Hippopotamidae	Hippopotaminae		Archaeopotamus	harvardi		2026/06/18 17:48:51.478
Hexaprotodon lothagamensis	species	Archaeopotamus lothagamensis	MAMMALIA	EUTHERIA	ARTIODACTYLA			Hippopotamidae	Hippopotaminae		Archaeopotamus	lothagamensis		2026/06/18 17:48:51.478
Promerycochoerus carrikeri	species	Merycochoerus carrikeri	MAMMALIA	EUTHERIA	ARTIODACTYLA			Merycoidodontidae	Merycochoerinae		Merycochoerus	carrikeri	(Peterson, 1907)	2026/06/18 17:48:51.478
Promerycochoerus vantasselensis	species	Merycochoerus vantasselensis	MAMMALIA	EUTHERIA	ARTIODACTYLA			Merycoidodontidae	Merycochoerinae		Merycochoerus	vantasselensis	(Peterson, 1907)	2026/06/18 17:48:51.478
Mesoreodon megalodon	species	Desmatochoerus megalodon	MAMMALIA	EUTHERIA	ARTIODACTYLA			Merycoidodontidae	Promerycochoerinae		Desmatochoerus	megalodon	(Peterson, 1907)	2026/06/18 17:48:51.478
Blastomeryx elegans	species	Blastomeryx gemmifer	MAMMALIA	EUTHERIA	ARTIODACTYLA			Moschidae	Blastomerycinae		Blastomeryx	gemmifer		2026/06/18 17:48:51.478
Blastomeryx franceseca	species	Blastomeryx gemmifer	MAMMALIA	EUTHERIA	ARTIODACTYLA			Moschidae	Blastomerycinae		Blastomeryx	gemmifer		2026/06/18 17:48:51.478
Blastomeryx marshi	species	Blastomeryx gemmifer	MAMMALIA	EUTHERIA	ARTIODACTYLA			Moschidae	Blastomerycinae		Blastomeryx	gemmifer		2026/06/18 17:48:51.478
Blastomeryx medius	species	Blastomeryx gemmifer	MAMMALIA	EUTHERIA	ARTIODACTYLA			Moschidae	Blastomerycinae		Blastomeryx	gemmifer		2026/06/18 17:48:51.478
Blastomeryx mefferdi	species	Blastomeryx gemmifer	MAMMALIA	EUTHERIA	ARTIODACTYLA			Moschidae	Blastomerycinae		Blastomeryx	gemmifer		2026/06/18 17:48:51.478
Blastomeryx mollis	species	Blastomeryx gemmifer	MAMMALIA	EUTHERIA	ARTIODACTYLA			Moschidae	Blastomerycinae		Blastomeryx	gemmifer		2026/06/18 17:48:51.478
Blastomeryx wellsi	species	Longirostromeryx wellsi	MAMMALIA	EUTHERIA	ARTIODACTYLA			Moschidae	Blastomerycinae		Longirostromeryx	wellsi		2026/06/18 17:48:51.478
Longirostromeryx merriami	species	Longirostromeryx wellsi	MAMMALIA	EUTHERIA	ARTIODACTYLA			Moschidae	Blastomerycinae		Longirostromeryx	wellsi		2026/06/18 17:48:51.478
Longirostromeryx serpentis	species	Longirostromeryx wellsi	MAMMALIA	EUTHERIA	ARTIODACTYLA			Moschidae	Blastomerycinae		Longirostromeryx	wellsi		2026/06/18 17:48:51.478
Blastomeryx olcotti	species	Problastomeryx primus	MAMMALIA	EUTHERIA	ARTIODACTYLA			Moschidae	Blastomerycinae		Problastomeryx	primus		2026/06/18 17:48:51.478
Blastomeryx primus	species	Problastomeryx primus	MAMMALIA	EUTHERIA	ARTIODACTYLA			Moschidae	Blastomerycinae		Problastomeryx	primus		2026/06/18 17:48:51.478
Problastomeryx olcotti	species	Problastomeryx primus	MAMMALIA	EUTHERIA	ARTIODACTYLA			Moschidae	Blastomerycinae		Problastomeryx	primus		2026/06/18 17:48:51.478
Blastomeryx advena	species	Pseudoblastomeryx advena	MAMMALIA	EUTHERIA	ARTIODACTYLA			Moschidae	Blastomerycinae		Pseudoblastomeryx	advena		2026/06/18 17:48:51.478
Pseudoblastomeryx falkenbachi	species	Pseudoblastomeryx advena	MAMMALIA	EUTHERIA	ARTIODACTYLA			Moschidae	Blastomerycinae		Pseudoblastomeryx	advena		2026/06/18 17:48:51.478
Pseudoblastomeryx marsa	species	Pseudoblastomeryx advena	MAMMALIA	EUTHERIA	ARTIODACTYLA			Moschidae	Blastomerycinae		Pseudoblastomeryx	advena		2026/06/18 17:48:51.478
Pseudoblastomeryx schultzi	species	Pseudoblastomeryx advena	MAMMALIA	EUTHERIA	ARTIODACTYLA			Moschidae	Blastomerycinae		Pseudoblastomeryx	advena		2026/06/18 17:48:51.478
Pipestonia douglassi	species	Pipestoneia douglassi	MAMMALIA	EUTHERIA	ARTIODACTYLA			Oromerycidae			Pipestoneia	douglassi	Tabrum and Metais, 2007	2026/06/18 17:48:51.478
Palaeochoerus waterhousi	species	Palaeochoerus aquensis	MAMMALIA	EUTHERIA	ARTIODACTYLA			Palaeochoeridae	Palaeochoerinae		Palaeochoerus	aquensis		2026/06/18 17:48:51.478
Propalaeochoerus paronae	species	Palaeochoerus paronae	MAMMALIA	EUTHERIA	ARTIODACTYLA			Palaeochoeridae	Palaeochoerinae		Palaeochoerus	paronae		2026/06/18 17:48:51.478
Lorancahyus daamsi	species	Palaeochoerus typus	MAMMALIA	EUTHERIA	ARTIODACTYLA			Palaeochoeridae	Palaeochoerinae		Palaeochoerus	typus		2026/06/18 17:48:51.478
Taucanamo grandaevum	species	Choeromorus grandaevum	MAMMALIA	EUTHERIA	ARTIODACTYLA			Palaeochoeridae	Taucanaminae		Choeromorus	grandaevum		2026/06/18 17:48:51.478
Taucanamo inonuensis	species	Choeromorus inonuensis	MAMMALIA	EUTHERIA	ARTIODACTYLA			Palaeochoeridae	Taucanaminae		Choeromorus	inonuensis		2026/06/18 17:48:51.478
Taucanamo primum	species	Choeromorus primum	MAMMALIA	EUTHERIA	ARTIODACTYLA			Palaeochoeridae	Taucanaminae		Choeromorus	primum		2026/06/18 17:48:51.478
Taucanamo sansaniense	species	Choeromorus sansaniense	MAMMALIA	EUTHERIA	ARTIODACTYLA			Palaeochoeridae	Taucanaminae		Choeromorus	sansaniense		2026/06/18 17:48:51.478
Schizochoerus anatoliensis	species	Schizoporcus anatoliensis	MAMMALIA	EUTHERIA	ARTIODACTYLA			Palaeochoeridae	Taucanaminae		Schizoporcus	anatoliensis	(Van der Made, 1997)	2026/06/18 17:48:51.478
Schizochoerus muenzenbergensis	species	Schizoporcus muenzenbergensis	MAMMALIA	EUTHERIA	ARTIODACTYLA			Palaeochoeridae	Taucanaminae		Schizoporcus	muenzenbergensis	(Van der Made, 1998)	2026/06/18 17:48:51.478
Schizochoerus sinapensis	species	Schizoporcus sinapensis	MAMMALIA	EUTHERIA	ARTIODACTYLA			Palaeochoeridae	Taucanaminae		Schizoporcus	sinapensis	(Van der Made, 1997)	2026/06/18 17:48:51.478
Schizochoerus arambourgi	species	Schizoporcus vallesiensis	MAMMALIA	EUTHERIA	ARTIODACTYLA			Palaeochoeridae	Taucanaminae		Schizoporcus	vallesiensis	(Crusafont and Lavocat, 1954)	2026/06/18 17:48:51.478
Schizochoerus vallesiensis	species	Schizoporcus vallesiensis	MAMMALIA	EUTHERIA	ARTIODACTYLA			Palaeochoeridae	Taucanaminae		Schizoporcus	vallesiensis	(Crusafont and Lavocat, 1954)	2026/06/18 17:48:51.478
Retroporcus complutensis	species	Retroporcus sindiensis	MAMMALIA	EUTHERIA	ARTIODACTYLA		Suoidea	Suidae			Retroporcus	sindiensis		2026/06/18 17:48:51.478
Diamantohys africanus	species	Sanitherium africanum	MAMMALIA	EUTHERIA	ARTIODACTYLA		Suoidea	Suidae			Sanitherium	africanum		2026/06/18 17:48:51.478
Diamantohyus africanus	species	Sanitherium africanum	MAMMALIA	EUTHERIA	ARTIODACTYLA		Suoidea	Suidae			Sanitherium	africanum		2026/06/18 17:48:51.478
Xenochoerus africanus	species	Sanitherium africanum	MAMMALIA	EUTHERIA	ARTIODACTYLA		Suoidea	Suidae			Sanitherium	africanum		2026/06/18 17:48:51.478
Diamantohyus nadirus	species	Sanitherium schlagintweiti	MAMMALIA	EUTHERIA	ARTIODACTYLA		Suoidea	Suidae			Sanitherium	schlagintweiti		2026/06/18 17:48:51.478
Sanitherium leobense	species	Sanitherium schlagintweiti	MAMMALIA	EUTHERIA	ARTIODACTYLA		Suoidea	Suidae			Sanitherium	schlagintweiti		2026/06/18 17:48:51.478
Sanitherium nadirum	species	Sanitherium schlagintweiti	MAMMALIA	EUTHERIA	ARTIODACTYLA		Suoidea	Suidae			Sanitherium	schlagintweiti		2026/06/18 17:48:51.478
Barberahyus castellensis	species	Albanohyus castellensis	MAMMALIA	EUTHERIA	ARTIODACTYLA		Suoidea	Suidae	Cainochoerinae		Albanohyus	castellensis		2026/06/18 17:48:51.478
Chicochoerus minus	species	Albanohyus minus	MAMMALIA	EUTHERIA	ARTIODACTYLA		Suoidea	Suidae	Cainochoerinae		Albanohyus	minus		2026/06/18 17:48:51.478
Palaeochoerus minus	species	Aureliachoerus minus	MAMMALIA	EUTHERIA	ARTIODACTYLA		Suoidea	Suidae	Hyotheriinae		Aureliachoerus	minus		2026/06/18 17:48:51.478
Hyotherium meissneri	species	Hyotherium meisneri	MAMMALIA	EUTHERIA	ARTIODACTYLA		Suoidea	Suidae	Hyotheriinae		Hyotherium	meisneri		2026/06/18 17:48:51.478
Hyotherium lacaillei	species	Hyotherium soemmeringi	MAMMALIA	EUTHERIA	ARTIODACTYLA		Suoidea	Suidae	Hyotheriinae		Hyotherium	soemmeringi		2026/06/18 17:48:51.478
Hyotherium linquensis	species	Hyotherium youngi	MAMMALIA	EUTHERIA	ARTIODACTYLA		Suoidea	Suidae	Hyotheriinae		Hyotherium	youngi		2026/06/18 17:48:51.478
Hyotherium shanwangense	species	Hyotherium youngi	MAMMALIA	EUTHERIA	ARTIODACTYLA		Suoidea	Suidae	Hyotheriinae		Hyotherium	youngi		2026/06/18 17:48:51.478
Miochoerus youngi	species	Hyotherium youngi	MAMMALIA	EUTHERIA	ARTIODACTYLA		Suoidea	Suidae	Hyotheriinae		Hyotherium	youngi		2026/06/18 17:48:51.478
Sinapriculus linquensis	species	Hyotherium youngi	MAMMALIA	EUTHERIA	ARTIODACTYLA		Suoidea	Suidae	Hyotheriinae		Hyotherium	youngi		2026/06/18 17:48:51.478
Listriodon affinis	species	Bunolistriodon affinis	MAMMALIA	EUTHERIA	ARTIODACTYLA		Suoidea	Suidae	Listriodontinae		Bunolistriodon	affinis		2026/06/18 17:48:51.478
Listriodon akatikubas	species	Bunolistriodon akatikubas	MAMMALIA	EUTHERIA	ARTIODACTYLA		Suoidea	Suidae	Listriodontinae		Bunolistriodon	akatikubas		2026/06/18 17:48:51.478
Listriodon gupti	species	Bunolistriodon guptai	MAMMALIA	EUTHERIA	ARTIODACTYLA		Suoidea	Suidae	Listriodontinae		Bunolistriodon	guptai		2026/06/18 17:48:51.478
Kubanochoerus jeanneli	species	Bunolistriodon jeanneli	MAMMALIA	EUTHERIA	ARTIODACTYLA		Suoidea	Suidae	Listriodontinae		Bunolistriodon	jeanneli	Arambourg 1933	2026/06/18 17:48:51.478
Listriodon jeanelli	species	Bunolistriodon jeanneli	MAMMALIA	EUTHERIA	ARTIODACTYLA		Suoidea	Suidae	Listriodontinae		Bunolistriodon	jeanneli	Arambourg 1933	2026/06/18 17:48:51.478
Listriodon lockharti	species	Bunolistriodon lockharti	MAMMALIA	EUTHERIA	ARTIODACTYLA		Suoidea	Suidae	Listriodontinae		Bunolistriodon	lockharti		2026/06/18 17:48:51.478
Kubanochoerus lantianensis	species	Kubanochoerus gigas	MAMMALIA	EUTHERIA	ARTIODACTYLA		Suoidea	Suidae	Listriodontinae		Kubanochoerus	gigas		2026/06/18 17:48:51.478
Listriodon gigas	species	Kubanochoerus gigas	MAMMALIA	EUTHERIA	ARTIODACTYLA		Suoidea	Suidae	Listriodontinae		Kubanochoerus	gigas		2026/06/18 17:48:51.478
Libycochoerus khinzikebirus	species	Kubanochoerus khinzikebirus	MAMMALIA	EUTHERIA	ARTIODACTYLA		Suoidea	Suidae	Listriodontinae		Kubanochoerus	khinzikebirus		2026/06/18 17:48:51.478
Megalochoerus khinzikebirus	species	Kubanochoerus khinzikebirus	MAMMALIA	EUTHERIA	ARTIODACTYLA		Suoidea	Suidae	Listriodontinae		Kubanochoerus	khinzikebirus		2026/06/18 17:48:51.478
Megalochoerus homungos	species	Kubanochoerus mancharensis	MAMMALIA	EUTHERIA	ARTIODACTYLA		Suoidea	Suidae	Listriodontinae		Kubanochoerus	mancharensis		2026/06/18 17:48:51.478
Megalochoerus marymuunguae	species	Kubanochoerus marymuunguae	MAMMALIA	EUTHERIA	ARTIODACTYLA		Suoidea	Suidae	Listriodontinae		Kubanochoerus	marymuunguae		2026/06/18 17:48:51.478
Bunolistriodon massai	species	Kubanochoerus massai	MAMMALIA	EUTHERIA	ARTIODACTYLA		Suoidea	Suidae	Listriodontinae		Kubanochoerus	massai		2026/06/18 17:48:51.478
Libycochoerus massai	species	Kubanochoerus massai	MAMMALIA	EUTHERIA	ARTIODACTYLA		Suoidea	Suidae	Listriodontinae		Kubanochoerus	massai		2026/06/18 17:48:51.478
Kubanochoerus parvus	species	Kubanochoerus minheensis	MAMMALIA	EUTHERIA	ARTIODACTYLA		Suoidea	Suidae	Listriodontinae		Kubanochoerus	minheensis		2026/06/18 17:48:51.478
Bunolistriodon robustus	species	Listriodon splendens	MAMMALIA	EUTHERIA	ARTIODACTYLA		Suoidea	Suidae	Listriodontinae		Listriodon	splendens		2026/06/18 17:48:51.478
Listriodon lishanensis	species	Listriodon splendens	MAMMALIA	EUTHERIA	ARTIODACTYLA		Suoidea	Suidae	Listriodontinae		Listriodon	splendens		2026/06/18 17:48:51.478
Listriodon mongoliensis	species	Listriodon splendens	MAMMALIA	EUTHERIA	ARTIODACTYLA		Suoidea	Suidae	Listriodontinae		Listriodon	splendens		2026/06/18 17:48:51.478
Listriodon sp.	species	Listriodon splendens	MAMMALIA	EUTHERIA	ARTIODACTYLA		Suoidea	Suidae	Listriodontinae		Listriodon	splendens		2026/06/18 17:48:51.478
Listriodon xinanensis	species	Listriodon splendens	MAMMALIA	EUTHERIA	ARTIODACTYLA		Suoidea	Suidae	Listriodontinae		Listriodon	splendens		2026/06/18 17:48:51.478
Lopholistriodon bartulensis	species	Lopholistriodon akatidogus	MAMMALIA	EUTHERIA	ARTIODACTYLA		Suoidea	Suidae	Listriodontinae		Lopholistriodon	akatidogus		2026/06/18 17:48:51.478
Lopholistriodon juba	species	Lopholistriodon akatidogus	MAMMALIA	EUTHERIA	ARTIODACTYLA		Suoidea	Suidae	Listriodontinae		Lopholistriodon	akatidogus		2026/06/18 17:48:51.478
Namachoerus moruoroti	species	Lopholistriodon moruoroti	MAMMALIA	EUTHERIA	ARTIODACTYLA		Suoidea	Suidae	Listriodontinae		Lopholistriodon	moruoroti		2026/06/18 17:48:51.478
Eumaiochoerus etruscus	species	Hippopotamodon etruscus	MAMMALIA	EUTHERIA	ARTIODACTYLA		Suoidea	Suidae	Suinae		Hippopotamodon	etruscus	(Michelotti, 1861)	2026/06/18 17:48:51.478
Microstonyx etruscus	species	Hippopotamodon etruscus	MAMMALIA	EUTHERIA	ARTIODACTYLA		Suoidea	Suidae	Suinae		Hippopotamodon	etruscus	(Michelotti, 1861)	2026/06/18 17:48:51.478
Hippopotamodon erymanthius	species	Hippopotamodon major	MAMMALIA	EUTHERIA	ARTIODACTYLA		Suoidea	Suidae	Suinae		Hippopotamodon	major	(Gervais, 1850)	2026/06/18 17:48:51.478
Hippoptamodon erymanthius	species	Hippopotamodon major	MAMMALIA	EUTHERIA	ARTIODACTYLA		Suoidea	Suidae	Suinae		Hippopotamodon	major	(Gervais, 1850)	2026/06/18 17:48:51.478
Microstonyx erymanthius	species	Hippopotamodon major	MAMMALIA	EUTHERIA	ARTIODACTYLA		Suoidea	Suidae	Suinae		Hippopotamodon	major	(Gervais, 1850)	2026/06/18 17:48:51.478
Microstonyx major	species	Hippopotamodon major	MAMMALIA	EUTHERIA	ARTIODACTYLA		Suoidea	Suidae	Suinae		Hippopotamodon	major	(Gervais, 1850)	2026/06/18 17:48:51.478
Microstonyx sp.	species	Hippopotamodon major	MAMMALIA	EUTHERIA	ARTIODACTYLA		Suoidea	Suidae	Suinae		Hippopotamodon	major	(Gervais, 1850)	2026/06/18 17:48:51.478
Sus erymanthius	species	Hippopotamodon major	MAMMALIA	EUTHERIA	ARTIODACTYLA		Suoidea	Suidae	Suinae		Hippopotamodon	major	(Gervais, 1850)	2026/06/18 17:48:51.478
Microstonyx ultimus	species	Hippopotamodon ultimus	MAMMALIA	EUTHERIA	ARTIODACTYLA		Suoidea	Suidae	Suinae		Hippopotamodon	ultimus	(Han, 1987)	2026/06/18 17:48:51.478
Potamochoerus nodosarius	species	Hippopotamodon ultimus	MAMMALIA	EUTHERIA	ARTIODACTYLA		Suoidea	Suidae	Suinae		Hippopotamodon	ultimus	(Han, 1987)	2026/06/18 17:48:51.478
Kolpochoerus limnetes	species	Kolpochoerus heseloni	MAMMALIA	EUTHERIA	ARTIODACTYLA		Suoidea	Suidae	Suinae		Kolpochoerus	heseloni		2026/06/18 17:48:51.478
Nyanzachoerus millensis	species	Kolpochoerus millensis	MAMMALIA	EUTHERIA	ARTIODACTYLA		Suoidea	Suidae	Suinae		Kolpochoerus	millensis		2026/06/18 17:48:51.478
Mesochoerus paiceae	species	Kolpochoerus paiceae	MAMMALIA	EUTHERIA	ARTIODACTYLA		Suoidea	Suidae	Suinae		Kolpochoerus	paiceae		2026/06/18 17:48:51.478
Stylochoerus altidens	species	Metridiochoerus altidens	MAMMALIA	EUTHERIA	ARTIODACTYLA		Suoidea	Suidae	Suinae		Metridiochoerus	altidens		2026/06/18 17:48:51.478
Stylochoerus compactus	species	Metridiochoerus compactus	MAMMALIA	EUTHERIA	ARTIODACTYLA		Suoidea	Suidae	Suinae		Metridiochoerus	compactus		2026/06/18 17:48:51.478
Stylochoerus nicoli	species	Metridiochoerus compactus	MAMMALIA	EUTHERIA	ARTIODACTYLA		Suoidea	Suidae	Suinae		Metridiochoerus	compactus		2026/06/18 17:48:51.478
Metridiochoerus nyanzae	species	Metridiochoerus hopwoodi	MAMMALIA	EUTHERIA	ARTIODACTYLA		Suoidea	Suidae	Suinae		Metridiochoerus	hopwoodi		2026/06/18 17:48:51.478
Metridiochoerus andrewsi	species	Metridiochoerus jacksoni	MAMMALIA	EUTHERIA	ARTIODACTYLA		Suoidea	Suidae	Suinae		Metridiochoerus	jacksoni		2026/06/18 17:48:51.478
Metridiochoerus shawi	species	Metridiochoerus jacksoni	MAMMALIA	EUTHERIA	ARTIODACTYLA		Suoidea	Suidae	Suinae		Metridiochoerus	jacksoni		2026/06/18 17:48:51.478
Tapinochoerus meadowsi	species	Metridiochoerus jacksoni	MAMMALIA	EUTHERIA	ARTIODACTYLA		Suoidea	Suidae	Suinae		Metridiochoerus	jacksoni		2026/06/18 17:48:51.478
Metridiochoerus modestus	species	Metridiochoerus modestus	MAMMALIA	EUTHERIA	ARTIODACTYLA		Suoidea	Suidae	Suinae		Metridiochoerus	modestus		2026/06/18 17:48:51.478
Tapinochoerus modestus	species	Metridiochoerus modestus	MAMMALIA	EUTHERIA	ARTIODACTYLA		Suoidea	Suidae	Suinae		Metridiochoerus	modestus		2026/06/18 17:48:51.478
Kolpochoerus phacochoeroides	species	Metridiochoerus phacochoeroides	MAMMALIA	EUTHERIA	ARTIODACTYLA		Suoidea	Suidae	Suinae		Metridiochoerus	phacochoeroides		2026/06/18 17:48:51.478
Phacochoerus africanus	species	Phacochoerus aethiopicus	MAMMALIA	EUTHERIA	ARTIODACTYLA		Suoidea	Suidae	Suinae		Phacochoerus	aethiopicus		2026/06/18 17:48:51.478
Potamocheorus palaeindicus	species	Potamochoerus palaeindicus	MAMMALIA	EUTHERIA	ARTIODACTYLA		Suoidea	Suidae	Suinae		Potamochoerus	palaeindicus		2026/06/18 17:48:51.478
Sus palaeindicus	species	Potamochoerus palaeindicus	MAMMALIA	EUTHERIA	ARTIODACTYLA		Suoidea	Suidae	Suinae		Potamochoerus	palaeindicus		2026/06/18 17:48:51.478
Hippopotamodon hyotherioides	species	Propotamochoerus hyotheriodes	MAMMALIA	EUTHERIA	ARTIODACTYLA		Suoidea	Suidae	Suinae		Propotamochoerus	hyotheriodes		2026/06/18 17:48:51.478
Hippopotamodon durandi	species	Propotamochoerus hysudricus	MAMMALIA	EUTHERIA	ARTIODACTYLA		Suoidea	Suidae	Suinae		Propotamochoerus	hysudricus		2026/06/18 17:48:51.478
Hippopotamodon vagus	species	Propotamochoerus hysudricus	MAMMALIA	EUTHERIA	ARTIODACTYLA		Suoidea	Suidae	Suinae		Propotamochoerus	hysudricus		2026/06/18 17:48:51.478
Sus hysudricus	species	Propotamochoerus hysudricus	MAMMALIA	EUTHERIA	ARTIODACTYLA		Suoidea	Suidae	Suinae		Propotamochoerus	hysudricus		2026/06/18 17:48:51.478
Hyotherium palaeochoerus	species	Propotamochoerus palaeochoerus	MAMMALIA	EUTHERIA	ARTIODACTYLA		Suoidea	Suidae	Suinae		Propotamochoerus	palaeochoerus		2026/06/18 17:48:51.478
Sus minor	species	Sus arvernensis	MAMMALIA	EUTHERIA	ARTIODACTYLA		Suoidea	Suidae	Suinae		Sus	arvernensis		2026/06/18 17:48:51.478
Sus peii	species	Sus australis	MAMMALIA	EUTHERIA	ARTIODACTYLA		Suoidea	Suidae	Suinae		Sus	australis		2026/06/18 17:48:51.478
Sus stremmi	species	Sus macrognathus	MAMMALIA	EUTHERIA	ARTIODACTYLA		Suoidea	Suidae	Suinae		Sus	macrognathus		2026/06/18 17:48:51.478
Sus domesticus	species	Sus scrofa	MAMMALIA	EUTHERIA	ARTIODACTYLA		Suoidea	Suidae	Suinae		Sus	scrofa		2026/06/18 17:48:51.478
Sus namadicus	species	Sus scrofa	MAMMALIA	EUTHERIA	ARTIODACTYLA		Suoidea	Suidae	Suinae		Sus	scrofa		2026/06/18 17:48:51.478
Sus vittatus	species	Sus scrofa	MAMMALIA	EUTHERIA	ARTIODACTYLA		Suoidea	Suidae	Suinae		Sus	scrofa		2026/06/18 17:48:51.478
Sus nanus	species	Sus sondaari	MAMMALIA	EUTHERIA	ARTIODACTYLA		Suoidea	Suidae	Suinae		Sus	sondaari		2026/06/18 17:48:51.478
Potamochoerus magnus	species	Sus strozzii	MAMMALIA	EUTHERIA	ARTIODACTYLA		Suoidea	Suidae	Suinae		Sus	strozzii		2026/06/18 17:48:51.478
Sus strozzii	species	Sus strozzii	MAMMALIA	EUTHERIA	ARTIODACTYLA		Suoidea	Suidae	Suinae		Sus	strozzii		2026/06/18 17:48:51.478
Conohyus ebroensis	species	Conohyus giganteus	MAMMALIA	EUTHERIA	ARTIODACTYLA		Suoidea	Suidae	Tetraconodontinae		Conohyus	giganteus		2026/06/18 17:48:51.478
Nyanzachoerus devauxi	species	Conohyus giganteus	MAMMALIA	EUTHERIA	ARTIODACTYLA		Suoidea	Suidae	Tetraconodontinae		Conohyus	giganteus		2026/06/18 17:48:51.478
Sivachoerus giganteus	species	Conohyus giganteus	MAMMALIA	EUTHERIA	ARTIODACTYLA		Suoidea	Suidae	Tetraconodontinae		Conohyus	giganteus		2026/06/18 17:48:51.478
Sus giganteus	species	Conohyus giganteus	MAMMALIA	EUTHERIA	ARTIODACTYLA		Suoidea	Suidae	Tetraconodontinae		Conohyus	giganteus		2026/06/18 17:48:51.478
Notochoerus jaegeri	species	Nyanzachoerus jaegeri	MAMMALIA	EUTHERIA	ARTIODACTYLA		Suoidea	Suidae	Tetraconodontinae		Nyanzachoerus	jaegeri		2026/06/18 17:48:51.478
Nyanzachoerus kuseralensis	species	Nyanzachoerus kanamensis	MAMMALIA	EUTHERIA	ARTIODACTYLA		Suoidea	Suidae	Tetraconodontinae		Nyanzachoerus	kanamensis		2026/06/18 17:48:51.478
Parachleuastochoerus crusafonti	species	Parachleuastochoerus huenermanni	MAMMALIA	EUTHERIA	ARTIODACTYLA		Suoidea	Suidae	Tetraconodontinae		Parachleuastochoerus	huenermanni		2026/06/18 17:48:51.478
Parachleuastochoerus kretzoii	species	Parachleuastochoerus huenermanni	MAMMALIA	EUTHERIA	ARTIODACTYLA		Suoidea	Suidae	Tetraconodontinae		Parachleuastochoerus	huenermanni		2026/06/18 17:48:51.478
Conohyus steinheimensis	species	Parachleuastochoerus steinheimensis	MAMMALIA	EUTHERIA	ARTIODACTYLA		Suoidea	Suidae	Tetraconodontinae		Parachleuastochoerus	steinheimensis		2026/06/18 17:48:51.478
Parachleuastochoerus sinensis	species	Parachleuastochoerus steinheimensis	MAMMALIA	EUTHERIA	ARTIODACTYLA		Suoidea	Suidae	Tetraconodontinae		Parachleuastochoerus	steinheimensis		2026/06/18 17:48:51.478
Versoporcus grivensis	species	Parachleuastochoerus steinheimensis	MAMMALIA	EUTHERIA	ARTIODACTYLA		Suoidea	Suidae	Tetraconodontinae		Parachleuastochoerus	steinheimensis		2026/06/18 17:48:51.478
Conohyus indicus	species	Sivachoerus indicus	MAMMALIA	EUTHERIA	ARTIODACTYLA		Suoidea	Suidae	Tetraconodontinae		Sivachoerus	indicus		2026/06/18 17:48:51.478
Nyanzachoerus pattersoni	species	Sivachoerus pattersoni	MAMMALIA	EUTHERIA	ARTIODACTYLA		Suoidea	Suidae	Tetraconodontinae		Sivachoerus	pattersoni		2026/06/18 17:48:51.478
Nyanzachoerus syrticus	species	Sivachoerus syrticus	MAMMALIA	EUTHERIA	ARTIODACTYLA		Suoidea	Suidae	Tetraconodontinae		Sivachoerus	syrticus		2026/06/18 17:48:51.478
Nyanzachoerus tulotos	species	Sivachoerus syrticus	MAMMALIA	EUTHERIA	ARTIODACTYLA		Suoidea	Suidae	Tetraconodontinae		Sivachoerus	syrticus		2026/06/18 17:48:51.478
Sivachoerus tulotos	species	Sivachoerus syrticus	MAMMALIA	EUTHERIA	ARTIODACTYLA		Suoidea	Suidae	Tetraconodontinae		Sivachoerus	syrticus		2026/06/18 17:48:51.478
Tetraconodon malensis	species	Tetraconodon thailandicus	MAMMALIA	EUTHERIA	ARTIODACTYLA		Suoidea	Suidae	Tetraconodontinae		Tetraconodon	thailandicus		2026/06/18 17:48:51.478
Dorcatherium moruorotensis	species	Afrotragulus moruorotensis	MAMMALIA	EUTHERIA	ARTIODACTYLA		Traguloidea	Tragulidae			Afrotragulus	moruorotensis		2026/06/18 17:48:51.478
Dorcatherium parvum	species	Afrotragulus parvus	MAMMALIA	EUTHERIA	ARTIODACTYLA		Traguloidea	Tragulidae			Afrotragulus	parvus		2026/06/18 17:48:51.478
Dorcatherium chappuisi	species	Dorcabune chappuisi	MAMMALIA	EUTHERIA	ARTIODACTYLA		Traguloidea	Tragulidae			Dorcabune	chappuisi	Arambourg, 1933	2026/06/18 17:48:51.478
Dorcatherium crassum	species	Dorcabune crassum	MAMMALIA	EUTHERIA	ARTIODACTYLA		Traguloidea	Tragulidae			Dorcabune	crassum		2026/06/18 17:48:51.478
Dorcatherium songhorensis	species	Siamotragulus songhorensis	MAMMALIA	EUTHERIA	ARTIODACTYLA		Traguloidea	Tragulidae			Siamotragulus	songhorensis	Whitworth, 1958	2026/06/18 17:48:51.478
Xiphodon castrensis	species	Xiphodon castrense	MAMMALIA	EUTHERIA	ARTIODACTYLA			Xiphodontidae			Xiphodon	castrense		2026/06/18 17:48:51.478
Plesiotypotherium minor	species	Plesiotypotherium minus	MAMMALIA	EUTHERIA	NOTOUNGULATA	Typotheria		Mesotheriidae	Mesotheriinae		Plesiotypotherium	minus		2026/06/18 17:48:51.478
Cadurcodon ardynense	species	Cadurcodon ardynensis	MAMMALIA	EUTHERIA	PERISSODACTYLA			Amynodontidae		Cadurcodontini	Cadurcodon	ardynensis		2026/06/18 17:48:51.478
Cadurcodon zimborensis	species	Sellamynodon zimborensis	MAMMALIA	EUTHERIA	PERISSODACTYLA			Amynodontidae		Metamynodontini	Sellamynodon	zimborensis	Tissier et al., 2018	2026/06/18 17:48:51.478
Andarakodon kirghisensis	species	Sharamynodon kirghisensis	MAMMALIA	EUTHERIA	PERISSODACTYLA			Amynodontidae			Sharamynodon	kirghisensis		2026/06/18 17:48:51.478
Lushiamynodon kirghisensis	species	Sharamynodon kirghisensis	MAMMALIA	EUTHERIA	PERISSODACTYLA			Amynodontidae			Sharamynodon	kirghisensis		2026/06/18 17:48:51.478
Amynodon mongoliensis	species	Sharamynodon mongoliensis	MAMMALIA	EUTHERIA	PERISSODACTYLA			Amynodontidae			Sharamynodon	mongoliensis		2026/06/18 17:48:51.478
Amynodon giganteus	species	Gigantamynodon giganteus	MAMMALIA	EUTHERIA	PERISSODACTYLA			Amynodontidae	Amynodontinae		Gigantamynodon	giganteus		2026/06/18 17:48:51.478
Diplacodon progressus	species	Diplacodon elatus	MAMMALIA	EUTHERIA	PERISSODACTYLA			Brontotheriidae		Brontotheriini	Diplacodon	elatus		2026/06/18 17:48:51.478
Eotitanotherium osborni	species	Diplacodon elatus	MAMMALIA	EUTHERIA	PERISSODACTYLA			Brontotheriidae		Brontotheriini	Diplacodon	elatus		2026/06/18 17:48:51.478
Embolotherium ergilense	species	Embolotherium andrewsi	MAMMALIA	EUTHERIA	PERISSODACTYLA			Brontotheriidae		Brontotheriini	Embolotherium	andrewsi		2026/06/18 17:48:51.478
Embolotherium ultimum	species	Embolotherium andrewsi	MAMMALIA	EUTHERIA	PERISSODACTYLA			Brontotheriidae		Brontotheriini	Embolotherium	andrewsi		2026/06/18 17:48:51.478
Embolotherium insigne	species	Embolotherium grangeri	MAMMALIA	EUTHERIA	PERISSODACTYLA			Brontotheriidae		Brontotheriini	Embolotherium	grangeri		2026/06/18 17:48:51.478
Embolotherium loucksii	species	Embolotherium grangeri	MAMMALIA	EUTHERIA	PERISSODACTYLA			Brontotheriidae		Brontotheriini	Embolotherium	grangeri		2026/06/18 17:48:51.478
Embolotherium louksii	species	Embolotherium grangeri	MAMMALIA	EUTHERIA	PERISSODACTYLA			Brontotheriidae		Brontotheriini	Embolotherium	grangeri		2026/06/18 17:48:51.478
Titanodectes ingens	species	Embolotherium grangeri	MAMMALIA	EUTHERIA	PERISSODACTYLA			Brontotheriidae		Brontotheriini	Embolotherium	grangeri		2026/06/18 17:48:51.478
Titanodectes minor	species	Embolotherium grangeri	MAMMALIA	EUTHERIA	PERISSODACTYLA			Brontotheriidae		Brontotheriini	Embolotherium	grangeri		2026/06/18 17:48:51.478
Dolichorhinoides angustidens	species	Epimanteoceras formosus	MAMMALIA	EUTHERIA	PERISSODACTYLA			Brontotheriidae		Brontotheriini	Epimanteoceras	formosus		2026/06/18 17:48:51.478
Protitan cingulatus	species	Epimanteoceras formosus	MAMMALIA	EUTHERIA	PERISSODACTYLA			Brontotheriidae		Brontotheriini	Epimanteoceras	formosus		2026/06/18 17:48:51.478
Metarhinus riparius	species	Metarhinus fluviatilis	MAMMALIA	EUTHERIA	PERISSODACTYLA			Brontotheriidae		Brontotheriini	Metarhinus	fluviatilis		2026/06/18 17:48:51.478
Manteoceras uintensis	species	Metatelmatherium ultimum	MAMMALIA	EUTHERIA	PERISSODACTYLA			Brontotheriidae		Brontotheriini	Metatelmatherium	ultimum		2026/06/18 17:48:51.478
Metatelmatherium cristatum	species	Metatelmatherium ultimum	MAMMALIA	EUTHERIA	PERISSODACTYLA			Brontotheriidae		Brontotheriini	Metatelmatherium	ultimum		2026/06/18 17:48:51.478
Microtitan mongolensis	species	Microtitan mongoliensis	MAMMALIA	EUTHERIA	PERISSODACTYLA			Brontotheriidae		Brontotheriini	Microtitan	mongoliensis		2026/06/18 17:48:51.478
Metatitan progressus	species	Nasamplus progressus	MAMMALIA	EUTHERIA	PERISSODACTYLA			Brontotheriidae		Brontotheriini	Nasamplus	progressus	Granger and Gregory, 1943	2026/06/18 17:48:51.478
Dolichorhinus olseni	species	Protitan grangeri	MAMMALIA	EUTHERIA	PERISSODACTYLA			Brontotheriidae		Brontotheriini	Protitan	grangeri		2026/06/18 17:48:51.478
Protitan bellus	species	Protitan grangeri	MAMMALIA	EUTHERIA	PERISSODACTYLA			Brontotheriidae		Brontotheriini	Protitan	grangeri		2026/06/18 17:48:51.478
Protitan obliquidens	species	Protitan grangeri	MAMMALIA	EUTHERIA	PERISSODACTYLA			Brontotheriidae		Brontotheriini	Protitan	grangeri		2026/06/18 17:48:51.478
Protitan robustus	species	Protitan grangeri	MAMMALIA	EUTHERIA	PERISSODACTYLA			Brontotheriidae		Brontotheriini	Protitan	grangeri		2026/06/18 17:48:51.478
Protitanotherium superbum	species	Protitanotherium emarginatum	MAMMALIA	EUTHERIA	PERISSODACTYLA			Brontotheriidae		Brontotheriini	Protitanotherium	emarginatum		2026/06/18 17:48:51.478
Sthenodectes australis	species	Protitanotherium emarginatum	MAMMALIA	EUTHERIA	PERISSODACTYLA			Brontotheriidae		Brontotheriini	Protitanotherium	emarginatum		2026/06/18 17:48:51.478
Protitan koreanucum	species	Protitanotherium koreanicum	MAMMALIA	EUTHERIA	PERISSODACTYLA			Brontotheriidae		Brontotheriini	Protitanotherium	koreanicum		2026/06/18 17:48:51.478
Sivatitanops birmanicus	species	Sivatitanops birmanicum	MAMMALIA	EUTHERIA	PERISSODACTYLA			Brontotheriidae			Sivatitanops	birmanicum		2026/06/18 17:48:51.478
Sivatitanops cotteri	species	Sivatitanops birmanicum	MAMMALIA	EUTHERIA	PERISSODACTYLA			Brontotheriidae			Sivatitanops	birmanicum		2026/06/18 17:48:51.478
Sthenodectes priscus	species	Sthenodectes incisivum	MAMMALIA	EUTHERIA	PERISSODACTYLA			Brontotheriidae		Brontotheriini	Sthenodectes	incisivum		2026/06/18 17:48:51.478
Manteoceras manteoceras	species	Telmatherium validus	MAMMALIA	EUTHERIA	PERISSODACTYLA			Brontotheriidae		Brontotheriini	Telmatherium	validus		2026/06/18 17:48:51.478
Manteoceras washakiensis	species	Telmatherium validus	MAMMALIA	EUTHERIA	PERISSODACTYLA			Brontotheriidae		Brontotheriini	Telmatherium	validus		2026/06/18 17:48:51.478
Telmatherium cultridens	species	Telmatherium validus	MAMMALIA	EUTHERIA	PERISSODACTYLA			Brontotheriidae		Brontotheriini	Telmatherium	validus		2026/06/18 17:48:51.478
Metatitan reshetovi	species	Metatitan khaitshinus	MAMMALIA	EUTHERIA	PERISSODACTYLA			Brontotheriidae	Brontopinae		Metatitan	khaitshinus		2026/06/18 17:48:51.478
Protitan khaitshinus	species	Metatitan khaitshinus	MAMMALIA	EUTHERIA	PERISSODACTYLA			Brontotheriidae	Brontopinae		Metatitan	khaitshinus		2026/06/18 17:48:51.478
Protitan reshetovi	species	Metatitan khaitshinus	MAMMALIA	EUTHERIA	PERISSODACTYLA			Brontotheriidae	Brontopinae		Metatitan	khaitshinus		2026/06/18 17:48:51.478
Dolichorhinus cornutum	species	Dolichorhinus hyognathus	MAMMALIA	EUTHERIA	PERISSODACTYLA			Brontotheriidae	Dolichorhininae		Dolichorhinus	hyognathus		2026/06/18 17:48:51.478
Dolichorhinus fluminalis	species	Dolichorhinus hyognathus	MAMMALIA	EUTHERIA	PERISSODACTYLA			Brontotheriidae	Dolichorhininae		Dolichorhinus	hyognathus		2026/06/18 17:48:51.478
Dolichorhinus heterodon	species	Dolichorhinus hyognathus	MAMMALIA	EUTHERIA	PERISSODACTYLA			Brontotheriidae	Dolichorhininae		Dolichorhinus	hyognathus		2026/06/18 17:48:51.478
Dolichorhinus intermedius	species	Dolichorhinus hyognathus	MAMMALIA	EUTHERIA	PERISSODACTYLA			Brontotheriidae	Dolichorhininae		Dolichorhinus	hyognathus		2026/06/18 17:48:51.478
Dolichorhinus longiceps	species	Dolichorhinus hyognathus	MAMMALIA	EUTHERIA	PERISSODACTYLA			Brontotheriidae	Dolichorhininae		Dolichorhinus	hyognathus		2026/06/18 17:48:51.478
Dolichorhinus superior	species	Dolichorhinus hyognathus	MAMMALIA	EUTHERIA	PERISSODACTYLA			Brontotheriidae	Dolichorhininae		Dolichorhinus	hyognathus		2026/06/18 17:48:51.478
Mesatirhinus megarhinus	species	Mesatirhinus junius	MAMMALIA	EUTHERIA	PERISSODACTYLA			Brontotheriidae	Dolichorhininae		Mesatirhinus	junius		2026/06/18 17:48:51.478
Mesatirhinus petersoni	species	Mesatirhinus junius	MAMMALIA	EUTHERIA	PERISSODACTYLA			Brontotheriidae	Dolichorhininae		Mesatirhinus	junius		2026/06/18 17:48:51.478
Tanyorhinus blairi	species	Sphenocoelus uintensis	MAMMALIA	EUTHERIA	PERISSODACTYLA			Brontotheriidae	Dolichorhininae		Sphenocoelus	uintensis		2026/06/18 17:48:51.478
Tanyorhinus bridgeri	species	Sphenocoelus uintensis	MAMMALIA	EUTHERIA	PERISSODACTYLA			Brontotheriidae	Dolichorhininae		Sphenocoelus	uintensis		2026/06/18 17:48:51.478
Butleria rusingensis	species	Butleria rusingense	MAMMALIA	EUTHERIA	PERISSODACTYLA			Chalicotheriidae			Butleria	rusingense		2026/06/18 17:48:51.478
Chalicotherium rusingense	species	Butleria rusingense	MAMMALIA	EUTHERIA	PERISSODACTYLA			Chalicotheriidae			Butleria	rusingense		2026/06/18 17:48:51.478
Nestoritherium praesinense	species	Hesperotherium sinense	MAMMALIA	EUTHERIA	PERISSODACTYLA			Chalicotheriidae			Hesperotherium	sinense		2026/06/18 17:48:51.478
Nestoritherium sinense	species	Hesperotherium sinense	MAMMALIA	EUTHERIA	PERISSODACTYLA			Chalicotheriidae			Hesperotherium	sinense		2026/06/18 17:48:51.478
Kyzylkakhippus orlovi	species	Schizotherium turgaicum	MAMMALIA	EUTHERIA	PERISSODACTYLA			Chalicotheriidae			Schizotherium	turgaicum		2026/06/18 17:48:51.478
Chalicotherium grande	species	Anisodon grande	MAMMALIA	EUTHERIA	PERISSODACTYLA			Chalicotheriidae	Chalicotheriinae		Anisodon	grande		2026/06/18 17:48:51.478
Macrotherium macedonicum	species	Anisodon macedonicus	MAMMALIA	EUTHERIA	PERISSODACTYLA			Chalicotheriidae	Chalicotheriinae		Anisodon	macedonicus		2026/06/18 17:48:51.478
Nestoritherium sivalense	species	Anisodon sivalense	MAMMALIA	EUTHERIA	PERISSODACTYLA			Chalicotheriidae	Chalicotheriinae		Anisodon	sivalense		2026/06/18 17:48:51.478
Chalicotherium wuduensis	species	Anisodon wuduensis	MAMMALIA	EUTHERIA	PERISSODACTYLA			Chalicotheriidae	Chalicotheriinae		Anisodon	wuduensis		2026/06/18 17:48:51.478
Phyllotillon grivensis	species	Ancylotherium grivensis	MAMMALIA	EUTHERIA	PERISSODACTYLA			Chalicotheriidae	Schizotheriinae		Ancylotherium	grivensis		2026/06/18 17:48:51.478
Phyllotillon huangheensis	species	Borissiakia huangheensis	MAMMALIA	EUTHERIA	PERISSODACTYLA			Chalicotheriidae	Schizotheriinae		Borissiakia	huangheensis		2026/06/18 17:48:51.478
Ancylotherium tugenense	species	Chemositia tugenensis	MAMMALIA	EUTHERIA	PERISSODACTYLA			Chalicotheriidae	Schizotheriinae		Chemositia	tugenensis	Pickford 1979	2026/06/18 17:48:51.478
Ancylotherium tugenensis	species	Chemositia tugenensis	MAMMALIA	EUTHERIA	PERISSODACTYLA			Chalicotheriidae	Schizotheriinae		Chemositia	tugenensis	Pickford 1979	2026/06/18 17:48:51.478
Ancylotherium fraasi	species	Metaschizotherium fraasi	MAMMALIA	EUTHERIA	PERISSODACTYLA			Chalicotheriidae	Schizotheriinae		Metaschizotherium	fraasi		2026/06/18 17:48:51.478
Hipparion macedonicum	species	Cremohipparion macedonicum	MAMMALIA	EUTHERIA	PERISSODACTYLA			Equidae			Cremohipparion	macedonicum		2026/06/18 17:48:51.478
Hipparion matthewi ,Hipparion matthewi	species	Cremohipparion matthewi	MAMMALIA	EUTHERIA	PERISSODACTYLA			Equidae			Cremohipparion	matthewi		2026/06/18 17:48:51.478
Hipparion mediterraneum	species	Cremohipparion mediterraneum	MAMMALIA	EUTHERIA	PERISSODACTYLA			Equidae			Cremohipparion	mediterraneum		2026/06/18 17:48:51.478
Hipparion moldavicum	species	Cremohipparion moldavicum	MAMMALIA	EUTHERIA	PERISSODACTYLA			Equidae			Cremohipparion	moldavicum		2026/06/18 17:48:51.478
Hipparion nikosi	species	Cremohipparion nikosi	MAMMALIA	EUTHERIA	PERISSODACTYLA			Equidae			Cremohipparion	nikosi		2026/06/18 17:48:51.478
Hipparion proboscideum	species	Cremohipparion proboscideum	MAMMALIA	EUTHERIA	PERISSODACTYLA			Equidae			Cremohipparion	proboscideum		2026/06/18 17:48:51.478
Hipparion aethiopicum	species	Eurygnathohippus cornelianus	MAMMALIA	EUTHERIA	PERISSODACTYLA			Equidae			Eurygnathohippus	cornelianus		2026/06/18 17:48:51.478
Hipparion cornelianum	species	Eurygnathohippus cornelianus	MAMMALIA	EUTHERIA	PERISSODACTYLA			Equidae			Eurygnathohippus	cornelianus		2026/06/18 17:48:51.478
Hipparion ethiopicum	species	Eurygnathohippus cornelianus	MAMMALIA	EUTHERIA	PERISSODACTYLA			Equidae			Eurygnathohippus	cornelianus		2026/06/18 17:48:51.478
Hipparion hasumense	species	Eurygnathohippus hasumense	MAMMALIA	EUTHERIA	PERISSODACTYLA			Equidae			Eurygnathohippus	hasumense		2026/06/18 17:48:51.478
Eurygnathohippus lybicum	species	Eurygnathohippus libycus	MAMMALIA	EUTHERIA	PERISSODACTYLA			Equidae			Eurygnathohippus	libycus		2026/06/18 17:48:51.478
Hipparion ambiguum	species	Eurygnathohippus libycus	MAMMALIA	EUTHERIA	PERISSODACTYLA			Equidae			Eurygnathohippus	libycus		2026/06/18 17:48:51.478
Hipparion libycum	species	Eurygnathohippus libycus	MAMMALIA	EUTHERIA	PERISSODACTYLA			Equidae			Eurygnathohippus	libycus		2026/06/18 17:48:51.478
Hipparion massoesylium	species	Eurygnathohippus libycus	MAMMALIA	EUTHERIA	PERISSODACTYLA			Equidae			Eurygnathohippus	libycus		2026/06/18 17:48:51.478
Libyhipparion ethiopicum	species	Eurygnathohippus libycus	MAMMALIA	EUTHERIA	PERISSODACTYLA			Equidae			Eurygnathohippus	libycus		2026/06/18 17:48:51.478
Stylohipparion hipkini	species	Eurygnathohippus libycus	MAMMALIA	EUTHERIA	PERISSODACTYLA			Equidae			Eurygnathohippus	libycus		2026/06/18 17:48:51.478
Stylohipparion steytleri	species	Eurygnathohippus libycus	MAMMALIA	EUTHERIA	PERISSODACTYLA			Equidae			Eurygnathohippus	libycus		2026/06/18 17:48:51.478
Hipparion turkanense	species	Eurygnathohippus turkanense	MAMMALIA	EUTHERIA	PERISSODACTYLA			Equidae			Eurygnathohippus	turkanense	Hooijer & Maglio 1973	2026/06/18 17:48:51.478
Stylohipparion indet.	species	Eurygnathohippus woldegabrieli	MAMMALIA	EUTHERIA	PERISSODACTYLA			Equidae			Eurygnathohippus	woldegabrieli		2026/06/18 17:48:51.478
Hipparion brachypus	species	Hippotherium brachypus	MAMMALIA	EUTHERIA	PERISSODACTYLA			Equidae			Hippotherium	brachypus		2026/06/18 17:48:51.478
Hipparion catalaunicum	species	Hippotherium catalaunicum	MAMMALIA	EUTHERIA	PERISSODACTYLA			Equidae			Hippotherium	catalaunicum		2026/06/18 17:48:51.478
Hipparion giganteum	species	Hippotherium giganteum	MAMMALIA	EUTHERIA	PERISSODACTYLA			Equidae			Hippotherium	giganteum	(Gromova, 1952)	2026/06/18 17:48:51.478
Hipparion primigenium	species	Hippotherium primigenium	MAMMALIA	EUTHERIA	PERISSODACTYLA			Equidae			Hippotherium	primigenium		2026/06/18 17:48:51.478
Hipparion crassum	species	Proboscidipparion crassum	MAMMALIA	EUTHERIA	PERISSODACTYLA			Equidae		Hipparionini	Proboscidipparion	crassum		2026/06/18 17:48:51.478
Plesiohipparion crassum	species	Proboscidipparion crassum	MAMMALIA	EUTHERIA	PERISSODACTYLA			Equidae		Hipparionini	Proboscidipparion	crassum		2026/06/18 17:48:51.478
Hipparion heintzi	species	Proboscidipparion heintzi	MAMMALIA	EUTHERIA	PERISSODACTYLA			Equidae		Hipparionini	Proboscidipparion	heintzi	(Eisenmann & Sondaar, 1998)	2026/06/18 17:48:51.478
Hipparion sinensis	species	Proboscidipparion sinense	MAMMALIA	EUTHERIA	PERISSODACTYLA			Equidae		Hipparionini	Proboscidipparion	sinense		2026/06/18 17:48:51.478
Anchitherium sampelayoi	species	Sinohippus sampelayoi	MAMMALIA	EUTHERIA	PERISSODACTYLA			Equidae			Sinohippus	sampelayoi		2026/06/18 17:48:51.478
Cormohipparion theobaldi	species	Sivalhippus theobaldi	MAMMALIA	EUTHERIA	PERISSODACTYLA			Equidae		Hipparionini	Sivalhippus	theobaldi		2026/06/18 17:48:51.478
Hipparion theobaldi	species	Sivalhippus theobaldi	MAMMALIA	EUTHERIA	PERISSODACTYLA			Equidae		Hipparionini	Sivalhippus	theobaldi		2026/06/18 17:48:51.478
Parahippus coloradensis	species	Desmatippus coloradensis	MAMMALIA	EUTHERIA	PERISSODACTYLA			Equidae	Anchitheriinae		Desmatippus	coloradensis		2026/06/18 17:48:51.478
Parahippus nebrascensis	species	Desmatippus nebrascensis	MAMMALIA	EUTHERIA	PERISSODACTYLA			Equidae	Anchitheriinae		Desmatippus	nebrascensis	(Peterson, 1907)	2026/06/18 17:48:51.478
Hipparion kecigibi	species	Cormohipparion kecigibi	MAMMALIA	EUTHERIA	PERISSODACTYLA			Equidae	Equinae		Cormohipparion	kecigibi		2026/06/18 17:48:51.478
Hippotherium weihoense	species	Cormohipparion weihoense	MAMMALIA	EUTHERIA	PERISSODACTYLA			Equidae	Equinae		Cormohipparion	weihoense		2026/06/18 17:48:51.478
Equus s. mygdoniensis	species	Equus altidens	MAMMALIA	EUTHERIA	PERISSODACTYLA			Equidae	Equinae		Equus	altidens		2026/06/18 17:48:51.478
Equus stenonis	species	Equus altidens	MAMMALIA	EUTHERIA	PERISSODACTYLA			Equidae	Equinae		Equus	altidens		2026/06/18 17:48:51.478
Allohippos stenonis	species	Equus livenzovensis	MAMMALIA	EUTHERIA	PERISSODACTYLA			Equidae	Equinae		Equus	livenzovensis		2026/06/18 17:48:51.478
Allohippus stenonis	species	Equus livenzovensis	MAMMALIA	EUTHERIA	PERISSODACTYLA			Equidae	Equinae		Equus	livenzovensis		2026/06/18 17:48:51.478
Allohippus major	species	Equus major	MAMMALIA	EUTHERIA	PERISSODACTYLA			Equidae	Equinae		Equus	major		2026/06/18 17:48:51.478
Equus bressanus	species	Equus major	MAMMALIA	EUTHERIA	PERISSODACTYLA			Equidae	Equinae		Equus	major		2026/06/18 17:48:51.478
Equus stenonis	species	Equus pamirensis	MAMMALIA	EUTHERIA	PERISSODACTYLA			Equidae	Equinae		Equus	pamirensis		2026/06/18 17:48:51.478
Equus bruchelli	species	Equus quagga	MAMMALIA	EUTHERIA	PERISSODACTYLA			Equidae	Equinae		Equus	quagga		2026/06/18 17:48:51.478
Equus burchelli	species	Equus quagga	MAMMALIA	EUTHERIA	PERISSODACTYLA			Equidae	Equinae		Equus	quagga		2026/06/18 17:48:51.478
Equus burchellii	species	Equus quagga	MAMMALIA	EUTHERIA	PERISSODACTYLA			Equidae	Equinae		Equus	quagga		2026/06/18 17:48:51.478
Allohippus senezensis	species	Equus senezensis	MAMMALIA	EUTHERIA	PERISSODACTYLA			Equidae	Equinae		Equus	senezensis		2026/06/18 17:48:51.478
Allohippos stenonis ,Allohippos stenonis	species	Equus stenonis	MAMMALIA	EUTHERIA	PERISSODACTYLA			Equidae	Equinae		Equus	stenonis		2026/06/18 17:48:51.478
Allohippus stenonis	species	Equus stenonis	MAMMALIA	EUTHERIA	PERISSODACTYLA			Equidae	Equinae		Equus	stenonis		2026/06/18 17:48:51.478
Equus quaggoides	species	Equus stenonis	MAMMALIA	EUTHERIA	PERISSODACTYLA			Equidae	Equinae		Equus	stenonis		2026/06/18 17:48:51.478
Hipparion parvus	species	Hipparion parvum	MAMMALIA	EUTHERIA	PERISSODACTYLA			Equidae	Equinae		Hipparion	parvum		2026/06/18 17:48:51.478
Hipparion platigenis	species	Hipparion platygenys	MAMMALIA	EUTHERIA	PERISSODACTYLA			Equidae	Equinae		Hipparion	platygenys		2026/06/18 17:48:51.478
Hippotherium sebastopolitanum	species	Hipparion sebastopolitanum	MAMMALIA	EUTHERIA	PERISSODACTYLA			Equidae	Equinae		Hipparion	sebastopolitanum	Borissiak, 1914	2026/06/18 17:48:51.478
Eurygnathohippus sitifense	species	Hipparion sitifense	MAMMALIA	EUTHERIA	PERISSODACTYLA			Equidae	Equinae		Hipparion	sitifense		2026/06/18 17:48:51.478
Hipparion sitifense	species	Hipparion sitifense	MAMMALIA	EUTHERIA	PERISSODACTYLA			Equidae	Equinae		Hipparion	sitifense		2026/06/18 17:48:51.478
Hippotherium sitifense	species	Hipparion sitifense	MAMMALIA	EUTHERIA	PERISSODACTYLA			Equidae	Equinae		Hipparion	sitifense		2026/06/18 17:48:51.478
Hippotherium xizangense	species	Hipparion xizangesis	MAMMALIA	EUTHERIA	PERISSODACTYLA			Equidae	Equinae		Hipparion	xizangesis		2026/06/18 17:48:51.478
Cormohipparion sphenodus	species	Merychippus sphenodus	MAMMALIA	EUTHERIA	PERISSODACTYLA			Equidae	Equinae		Merychippus	sphenodus		2026/06/18 17:48:51.478
Hipparion longipes	species	Plesiohipparion longipes	MAMMALIA	EUTHERIA	PERISSODACTYLA			Equidae	Equinae		Plesiohipparion	longipes		2026/06/18 17:48:51.478
Pseudhipparion gratum	species	Pseudohipparion gratum	MAMMALIA	EUTHERIA	PERISSODACTYLA			Equidae	Equinae		Pseudohipparion	gratum		2026/06/18 17:48:51.478
Eohippus angustidens	species	Hyracotherium seekinsi	MAMMALIA	EUTHERIA	PERISSODACTYLA			Equidae	Hyracotheriinae		Hyracotherium	seekinsi		2026/06/18 17:48:51.478
Desmatotherium intermedius	species	Helaletes intermedius	MAMMALIA	EUTHERIA	PERISSODACTYLA		Tapiroidea	Helaletidae			Helaletes	intermedius		2026/06/18 17:48:51.478
Triplopus implicatus	species	Ephyrachyus implicatus	MAMMALIA	EUTHERIA	PERISSODACTYLA		Rhinocerotoidea	Hyracodontidae			Ephyrachyus	implicatus		2026/06/18 17:48:51.478
Ulania wilsoni	species	Ulanodon wilsoni	MAMMALIA	EUTHERIA	PERISSODACTYLA		Rhinocerotoidea	Hyracodontidae			Ulanodon	wilsoni	Qi, 1990	2026/06/18 17:48:51.478
Imequincisoria mazhuangensis	species	Forstercooperia mazhuangensis	MAMMALIA	EUTHERIA	PERISSODACTYLA		Rhinocerotoidea	Hyracodontidae	Forstercooperiinae		Forstercooperia	mazhuangensis		2026/06/18 17:48:51.478
Forstercooperia confluens	species	Pappaceras confluens	MAMMALIA	EUTHERIA	PERISSODACTYLA		Rhinocerotoidea	Hyracodontidae	Forstercooperiinae		Pappaceras	confluens		2026/06/18 17:48:51.478
Lophiodon rhinoceroides	species	Lophiodon rhinocerodes	MAMMALIA	EUTHERIA	PERISSODACTYLA			Lophiodontidae			Lophiodon	rhinocerodes		2026/06/18 17:48:51.478
Paralophiodon sardus	species	Lophiodon sardus	MAMMALIA	EUTHERIA	PERISSODACTYLA			Lophiodontidae			Lophiodon	sardus		2026/06/18 17:48:51.478
Indricotherium prohorovi	species	Aralotherium prohorovi	MAMMALIA	EUTHERIA	PERISSODACTYLA		Rhinocerotoidea	Paraceratheriidae			Aralotherium	prohorovi		2026/06/18 17:48:51.478
Paraceratherium prohorovi	species	Aralotherium prohorovi	MAMMALIA	EUTHERIA	PERISSODACTYLA		Rhinocerotoidea	Paraceratheriidae			Aralotherium	prohorovi		2026/06/18 17:48:51.478
Paraceratherium sui	species	Aralotherium sui	MAMMALIA	EUTHERIA	PERISSODACTYLA		Rhinocerotoidea	Paraceratheriidae			Aralotherium	sui	Jie et al 2003	2026/06/18 17:48:51.478
Imequincisoria micracis	species	Juxia micracis	MAMMALIA	EUTHERIA	PERISSODACTYLA		Rhinocerotoidea	Paraceratheriidae			Juxia	micracis		2026/06/18 17:48:51.478
Forstercooperia sharamurense	species	Juxia sharamurense	MAMMALIA	EUTHERIA	PERISSODACTYLA		Rhinocerotoidea	Paraceratheriidae			Juxia	sharamurense	Chow and Chiu 1964	2026/06/18 17:48:51.478
Indricotherium asiaticum	species	Paraceratherium asiaticum	MAMMALIA	EUTHERIA	PERISSODACTYLA		Rhinocerotoidea	Paraceratheriidae			Paraceratherium	asiaticum		2026/06/18 17:48:51.478
Benaratherium callistrati	species	Paraceratherium callistrati	MAMMALIA	EUTHERIA	PERISSODACTYLA		Rhinocerotoidea	Paraceratheriidae			Paraceratherium	callistrati		2026/06/18 17:48:51.478
Baluchitherium grangeri	species	Paraceratherium transouralicum	MAMMALIA	EUTHERIA	PERISSODACTYLA		Rhinocerotoidea	Paraceratheriidae			Paraceratherium	transouralicum		2026/06/18 17:48:51.478
Paraceratherium grangeri	species	Paraceratherium transouralicum	MAMMALIA	EUTHERIA	PERISSODACTYLA		Rhinocerotoidea	Paraceratheriidae			Paraceratherium	transouralicum		2026/06/18 17:48:51.478
Urtinotherium yagouense	species	Turpanotherium yagouense	MAMMALIA	EUTHERIA	PERISSODACTYLA		Rhinocerotoidea	Paraceratheriidae			Turpanotherium	yagouense		2026/06/18 17:48:51.478
Paraceratherium intermedium	species	Urtinotherium intermedium	MAMMALIA	EUTHERIA	PERISSODACTYLA		Rhinocerotoidea	Paraceratheriidae			Urtinotherium	intermedium		2026/06/18 17:48:51.478
Dicerorhinus palaeosinensis	species	Acerorhinus palaeosinensis	MAMMALIA	EUTHERIA	PERISSODACTYLA			Rhinocerotidae			Acerorhinus	palaeosinensis		2026/06/18 17:48:51.478
Chilotherium zernowi	species	Acerorhinus zernowi	MAMMALIA	EUTHERIA	PERISSODACTYLA			Rhinocerotidae			Acerorhinus	zernowi		2026/06/18 17:48:51.478
Aceratherium simorrense	species	Alicornops simorrensis	MAMMALIA	EUTHERIA	PERISSODACTYLA			Rhinocerotidae			Alicornops	simorrensis	(Heissig, 1976)	2026/06/18 17:48:51.478
Alicornops simorrense	species	Alicornops simorrensis	MAMMALIA	EUTHERIA	PERISSODACTYLA			Rhinocerotidae			Alicornops	simorrensis	(Heissig, 1976)	2026/06/18 17:48:51.478
Mesacerathrium simorrense	species	Alicornops simorrensis	MAMMALIA	EUTHERIA	PERISSODACTYLA			Rhinocerotidae			Alicornops	simorrensis	(Heissig, 1976)	2026/06/18 17:48:51.478
Brachipotherium lewisi	species	Brachypotherium lewisi	MAMMALIA	EUTHERIA	PERISSODACTYLA			Rhinocerotidae		Teleoceratini	Brachypotherium	lewisi		2026/06/18 17:48:51.478
Brachypotherium heinzelini	species	Brachypotherium lewisi	MAMMALIA	EUTHERIA	PERISSODACTYLA			Rhinocerotidae		Teleoceratini	Brachypotherium	lewisi		2026/06/18 17:48:51.478
Diceros douariensis	species	Ceratotherium douariense	MAMMALIA	EUTHERIA	PERISSODACTYLA			Rhinocerotidae		Dicerotini	Ceratotherium	douariense	Guérin, 1966	2026/06/18 17:48:51.478
Ceratotherium simum	species	Ceratotherium mauritanicum	MAMMALIA	EUTHERIA	PERISSODACTYLA			Rhinocerotidae		Dicerotini	Ceratotherium	mauritanicum		2026/06/18 17:48:51.478
Atelodus simus	species	Ceratotherium simum	MAMMALIA	EUTHERIA	PERISSODACTYLA			Rhinocerotidae		Dicerotini	Ceratotherium	simum		2026/06/18 17:48:51.478
Chilotherium chabereri	species	Chilotherium habereri	MAMMALIA	EUTHERIA	PERISSODACTYLA			Rhinocerotidae			Chilotherium	habereri		2026/06/18 17:48:51.478
Chilotherium gracile	species	Chilotherium habereri	MAMMALIA	EUTHERIA	PERISSODACTYLA			Rhinocerotidae			Chilotherium	habereri		2026/06/18 17:48:51.478
Aceratherium kiliasi	species	Chilotherium samium	MAMMALIA	EUTHERIA	PERISSODACTYLA			Rhinocerotidae			Chilotherium	samium		2026/06/18 17:48:51.478
Chilotherium kiliasi	species	Chilotherium samium	MAMMALIA	EUTHERIA	PERISSODACTYLA			Rhinocerotidae			Chilotherium	samium		2026/06/18 17:48:51.478
Chilotherium wegneri	species	Chilotherium schlosseri	MAMMALIA	EUTHERIA	PERISSODACTYLA			Rhinocerotidae			Chilotherium	schlosseri	(Weber, 1905)	2026/06/18 17:48:51.478
Diceros wegneri	species	Chilotherium schlosseri	MAMMALIA	EUTHERIA	PERISSODACTYLA			Rhinocerotidae			Chilotherium	schlosseri	(Weber, 1905)	2026/06/18 17:48:51.478
Rhinoceros tichorhinus	species	Coelodonta antiquitatis	MAMMALIA	EUTHERIA	PERISSODACTYLA			Rhinocerotidae			Coelodonta	antiquitatis		2026/06/18 17:48:51.478
Brachydiceratherium lemanense	species	Diaceratherium lemanense	MAMMALIA	EUTHERIA	PERISSODACTYLA			Rhinocerotidae			Diaceratherium	lemanense		2026/06/18 17:48:51.478
Ceratotherium praecox	species	Diceros praecox	MAMMALIA	EUTHERIA	PERISSODACTYLA			Rhinocerotidae		Dicerotini	Diceros	praecox		2026/06/18 17:48:51.478
Dicerorhinus orientalis	species	Dihoplus pikermiensis	MAMMALIA	EUTHERIA	PERISSODACTYLA			Rhinocerotidae			Dihoplus	pikermiensis		2026/06/18 17:48:51.478
Dicerorhinus pikermiensis	species	Dihoplus pikermiensis	MAMMALIA	EUTHERIA	PERISSODACTYLA			Rhinocerotidae			Dihoplus	pikermiensis		2026/06/18 17:48:51.478
Stephanorhinus pachygnathus	species	Dihoplus pikermiensis	MAMMALIA	EUTHERIA	PERISSODACTYLA			Rhinocerotidae			Dihoplus	pikermiensis		2026/06/18 17:48:51.478
Stephanorhinus pikermiensis	species	Dihoplus pikermiensis	MAMMALIA	EUTHERIA	PERISSODACTYLA			Rhinocerotidae			Dihoplus	pikermiensis		2026/06/18 17:48:51.478
Dicerorhinus schleiremacheri	species	Dihoplus schleiermacheri	MAMMALIA	EUTHERIA	PERISSODACTYLA			Rhinocerotidae			Dihoplus	schleiermacheri		2026/06/18 17:48:51.478
Trigonias ombonii	species	Epiaceratherium bolcense	MAMMALIA	EUTHERIA	PERISSODACTYLA			Rhinocerotidae			Epiaceratherium	bolcense		2026/06/18 17:48:51.478
Molassitherium delemontense	species	Epiaceratherium delemontense	MAMMALIA	EUTHERIA	PERISSODACTYLA			Rhinocerotidae			Epiaceratherium	delemontense		2026/06/18 17:48:51.478
Protaceratherium cadibonense	species	Epiaceratherium delemontense	MAMMALIA	EUTHERIA	PERISSODACTYLA			Rhinocerotidae			Epiaceratherium	delemontense		2026/06/18 17:48:51.478
Ronzotherium cadibonense	species	Epiaceratherium delemontense	MAMMALIA	EUTHERIA	PERISSODACTYLA			Rhinocerotidae			Epiaceratherium	delemontense		2026/06/18 17:48:51.478
Aegyrcitherium beonensis	species	Hispanotherium beonense	MAMMALIA	EUTHERIA	PERISSODACTYLA			Rhinocerotidae			Hispanotherium	beonense		2026/06/18 17:48:51.478
Begertherium grimmi	species	Hispanotherium grimmi	MAMMALIA	EUTHERIA	PERISSODACTYLA			Rhinocerotidae			Hispanotherium	grimmi		2026/06/18 17:48:51.478
Beliajevina grimmi	species	Hispanotherium grimmi	MAMMALIA	EUTHERIA	PERISSODACTYLA			Rhinocerotidae			Hispanotherium	grimmi		2026/06/18 17:48:51.478
Hispanotherium matricense	species	Hispanotherium matritense	MAMMALIA	EUTHERIA	PERISSODACTYLA			Rhinocerotidae			Hispanotherium	matritense		2026/06/18 17:48:51.478
Hispanotherium matricensis	species	Hispanotherium matritense	MAMMALIA	EUTHERIA	PERISSODACTYLA			Rhinocerotidae			Hispanotherium	matritense		2026/06/18 17:48:51.478
Aceratherium depereti	species	Hoploaceratherium depereti	MAMMALIA	EUTHERIA	PERISSODACTYLA			Rhinocerotidae			Hoploaceratherium	depereti	(Borissiak, 1927)	2026/06/18 17:48:51.478
Aceratherium tetradactylum	species	Hoploaceratherium tetradactylum	MAMMALIA	EUTHERIA	PERISSODACTYLA			Rhinocerotidae			Hoploaceratherium	tetradactylum		2026/06/18 17:48:51.478
Hispanotherium lintungensis	species	Huaqingtherium lintungense	MAMMALIA	EUTHERIA	PERISSODACTYLA			Rhinocerotidae			Huaqingtherium	lintungense		2026/06/18 17:48:51.478
Hispanotherium tungurense	species	Huaqingtherium lintungense	MAMMALIA	EUTHERIA	PERISSODACTYLA			Rhinocerotidae			Huaqingtherium	lintungense		2026/06/18 17:48:51.478
Dicerorhinus sansaniensis	species	Lartetotherium sansaniense	MAMMALIA	EUTHERIA	PERISSODACTYLA			Rhinocerotidae			Lartetotherium	sansaniense		2026/06/18 17:48:51.478
Lartetotherium sansaniensis	species	Lartetotherium sansaniense	MAMMALIA	EUTHERIA	PERISSODACTYLA			Rhinocerotidae			Lartetotherium	sansaniense		2026/06/18 17:48:51.478
Stephanorhinus sansaniensis	species	Lartetotherium sansaniense	MAMMALIA	EUTHERIA	PERISSODACTYLA			Rhinocerotidae			Lartetotherium	sansaniense		2026/06/18 17:48:51.478
Aceratherium gaimersheimense	species	Mesaceratherium gaimersheimense	MAMMALIA	EUTHERIA	PERISSODACTYLA			Rhinocerotidae			Mesaceratherium	gaimersheimense		2026/06/18 17:48:51.478
Aceratherium paulhiacensis	species	Mesaceratherium paulhiacense	MAMMALIA	EUTHERIA	PERISSODACTYLA			Rhinocerotidae			Mesaceratherium	paulhiacense	(Richard, 1937)	2026/06/18 17:48:51.478
Aceratherium pauliacense	species	Mesaceratherium paulhiacense	MAMMALIA	EUTHERIA	PERISSODACTYLA			Rhinocerotidae			Mesaceratherium	paulhiacense	(Richard, 1937)	2026/06/18 17:48:51.478
Mesaceratherium paulhiacensis	species	Mesaceratherium paulhiacense	MAMMALIA	EUTHERIA	PERISSODACTYLA			Rhinocerotidae			Mesaceratherium	paulhiacense	(Richard, 1937)	2026/06/18 17:48:51.478
Aprotodon blanfordi	species	Pleuroceros blanfordi	MAMMALIA	EUTHERIA	PERISSODACTYLA			Rhinocerotidae			Pleuroceros	blanfordi		2026/06/18 17:48:51.478
Diceratherium pleuroceros	species	Pleuroceros pleuroceros	MAMMALIA	EUTHERIA	PERISSODACTYLA			Rhinocerotidae			Pleuroceros	pleuroceros		2026/06/18 17:48:51.478
Menoceras zitteli	species	Pleuroceros pleuroceros	MAMMALIA	EUTHERIA	PERISSODACTYLA			Rhinocerotidae			Pleuroceros	pleuroceros		2026/06/18 17:48:51.478
Dicerorhinus megarhinus	species	Pliorhinus megarhinus	MAMMALIA	EUTHERIA	PERISSODACTYLA			Rhinocerotidae		Rhinocerotini	Pliorhinus	megarhinus	de  Christol 1834	2026/06/18 17:48:51.478
Stephanorhinus megarhinus	species	Pliorhinus megarhinus	MAMMALIA	EUTHERIA	PERISSODACTYLA			Rhinocerotidae		Rhinocerotini	Pliorhinus	megarhinus	de  Christol 1834	2026/06/18 17:48:51.478
Stephanorhinus miguelcrusafonti	species	Pliorhinus miguelcrusafonti	MAMMALIA	EUTHERIA	PERISSODACTYLA			Rhinocerotidae		Rhinocerotini	Pliorhinus	miguelcrusafonti	Guerin& Santafe-Lopis 1978	2026/06/18 17:48:51.478
Dicerorhinus ringstroemi	species	Pliorhinus ringstroemi	MAMMALIA	EUTHERIA	PERISSODACTYLA			Rhinocerotidae		Rhinocerotini	Pliorhinus	ringstroemi	Arambourg 1959	2026/06/18 17:48:51.478
Dicerorhinus ringstromi	species	Pliorhinus ringstroemi	MAMMALIA	EUTHERIA	PERISSODACTYLA			Rhinocerotidae		Rhinocerotini	Pliorhinus	ringstroemi	Arambourg 1959	2026/06/18 17:48:51.478
Stephanorhinus ringstroemi	species	Pliorhinus ringstroemi	MAMMALIA	EUTHERIA	PERISSODACTYLA			Rhinocerotidae		Rhinocerotini	Pliorhinus	ringstroemi	Arambourg 1959	2026/06/18 17:48:51.478
Begertherium tekkayai	species	Procoelodonta tekkayai	MAMMALIA	EUTHERIA	PERISSODACTYLA			Rhinocerotidae			Procoelodonta	tekkayai		2026/06/18 17:48:51.478
Beliajevina tekkayai	species	Procoelodonta tekkayai	MAMMALIA	EUTHERIA	PERISSODACTYLA			Rhinocerotidae			Procoelodonta	tekkayai		2026/06/18 17:48:51.478
Protaceratherium kazakhstanensis	species	Protaceratherium kazakhstanense	MAMMALIA	EUTHERIA	PERISSODACTYLA			Rhinocerotidae			Protaceratherium	kazakhstanense		2026/06/18 17:48:51.478
Dicerorhinus tagicus	species	Protaceratherium minutum	MAMMALIA	EUTHERIA	PERISSODACTYLA			Rhinocerotidae			Protaceratherium	minutum		2026/06/18 17:48:51.478
Protaceratherium tagicum	species	Protaceratherium minutum	MAMMALIA	EUTHERIA	PERISSODACTYLA			Rhinocerotidae			Protaceratherium	minutum		2026/06/18 17:48:51.478
Coelodonta platyrhinus	species	Punjabitherium platyrhinus	MAMMALIA	EUTHERIA	PERISSODACTYLA			Rhinocerotidae			Punjabitherium	platyrhinus		2026/06/18 17:48:51.478
Rhinoceros platyrhinus	species	Punjabitherium platyrhinus	MAMMALIA	EUTHERIA	PERISSODACTYLA			Rhinocerotidae			Punjabitherium	platyrhinus		2026/06/18 17:48:51.478
Dicerorhinus leakeyi	species	Rusingaceros leakeyi	MAMMALIA	EUTHERIA	PERISSODACTYLA			Rhinocerotidae			Rusingaceros	leakeyi	(Hooijer, 1966)	2026/06/18 17:48:51.478
Chilotherium tianzhuensis	species	Shansirhinus ringstromi	MAMMALIA	EUTHERIA	PERISSODACTYLA			Rhinocerotidae		Teleoceratini	Shansirhinus	ringstromi		2026/06/18 17:48:51.478
Chilotherium yunnanenisi	species	Shansirhinus ringstromi	MAMMALIA	EUTHERIA	PERISSODACTYLA			Rhinocerotidae		Teleoceratini	Shansirhinus	ringstromi		2026/06/18 17:48:51.478
Dicerorhinus etruscus	species	Stephanorhinus etruscus	MAMMALIA	EUTHERIA	PERISSODACTYLA			Rhinocerotidae			Stephanorhinus	etruscus		2026/06/18 17:48:51.478
Dicerorhinus hemitoechus	species	Stephanorhinus hemitoechus	MAMMALIA	EUTHERIA	PERISSODACTYLA			Rhinocerotidae			Stephanorhinus	hemitoechus		2026/06/18 17:48:51.478
Dicerorhinus jeanvireti	species	Stephanorhinus jeanvireti	MAMMALIA	EUTHERIA	PERISSODACTYLA			Rhinocerotidae			Stephanorhinus	jeanvireti		2026/06/18 17:48:51.478
Dicerorhinus kirchbergensis	species	Stephanorhinus kirchbergensis	MAMMALIA	EUTHERIA	PERISSODACTYLA			Rhinocerotidae			Stephanorhinus	kirchbergensis		2026/06/18 17:48:51.478
Dicerorhinus mercki	species	Stephanorhinus kirchbergensis	MAMMALIA	EUTHERIA	PERISSODACTYLA			Rhinocerotidae			Stephanorhinus	kirchbergensis		2026/06/18 17:48:51.478
Dicerorhinus merckii	species	Stephanorhinus kirchbergensis	MAMMALIA	EUTHERIA	PERISSODACTYLA			Rhinocerotidae			Stephanorhinus	kirchbergensis		2026/06/18 17:48:51.478
Rhinoceros mercki	species	Stephanorhinus kirchbergensis	MAMMALIA	EUTHERIA	PERISSODACTYLA			Rhinocerotidae			Stephanorhinus	kirchbergensis		2026/06/18 17:48:51.478
Stephanorhinus kichbergensis	species	Stephanorhinus kirchbergensis	MAMMALIA	EUTHERIA	PERISSODACTYLA			Rhinocerotidae			Stephanorhinus	kirchbergensis		2026/06/18 17:48:51.478
Dicerorhinus lantianensis	species	Stephanorhinus lantianensis	MAMMALIA	EUTHERIA	PERISSODACTYLA			Rhinocerotidae			Stephanorhinus	lantianensis		2026/06/18 17:48:51.478
Chilotherium intermedium	species	Subchilotherium intermedium	MAMMALIA	EUTHERIA	PERISSODACTYLA			Rhinocerotidae			Subchilotherium	intermedium		2026/06/18 17:48:51.478
Rhinoceros sondaicus	species	Eurhinoceros sondaicus	MAMMALIA	EUTHERIA	PERISSODACTYLA			Rhinocerotidae	Rhinocerotinae		Eurhinoceros	sondaicus		2026/06/18 17:48:51.478
Gaindatherium rexmanueli	species	Gaindatherium rexmanuelli	MAMMALIA	EUTHERIA	PERISSODACTYLA			Rhinocerotidae	Rhinocerotinae		Gaindatherium	rexmanuelli	Antunes and Ginsburg, 1983	2026/06/18 17:48:51.478
Ceratotherium neumayri	species	Miodiceros neumayri	MAMMALIA	EUTHERIA	PERISSODACTYLA			Rhinocerotidae	Rhinocerotinae		Miodiceros	neumayri		2026/06/18 17:48:51.478
Diceros neumayri	species	Miodiceros neumayri	MAMMALIA	EUTHERIA	PERISSODACTYLA			Rhinocerotidae	Rhinocerotinae		Miodiceros	neumayri		2026/06/18 17:48:51.478
Diceros pachygnathus	species	Miodiceros neumayri	MAMMALIA	EUTHERIA	PERISSODACTYLA			Rhinocerotidae	Rhinocerotinae		Miodiceros	neumayri		2026/06/18 17:48:51.478
Pliodiceros neumayri	species	Miodiceros neumayri	MAMMALIA	EUTHERIA	PERISSODACTYLA			Rhinocerotidae	Rhinocerotinae		Miodiceros	neumayri		2026/06/18 17:48:51.478
Dromoceratherium mirallesi	species	Plesiaceratherium mirallesi	MAMMALIA	EUTHERIA	PERISSODACTYLA			Rhinocerotidae	Rhinocerotinae		Plesiaceratherium	mirallesi		2026/06/18 17:48:51.478
Rhinoceras crassus	species	Rhinoceros crassus	MAMMALIA	EUTHERIA	PERISSODACTYLA			Rhinocerotidae	Rhinocerotinae		Rhinoceros	crassus		2026/06/18 17:48:51.478
Rhinoceras oregonensis	species	Rhinoceros oregonensis	MAMMALIA	EUTHERIA	PERISSODACTYLA			Rhinocerotidae	Rhinocerotinae		Rhinoceros	oregonensis		2026/06/18 17:48:51.478
Palaeotapirus intermedius	species	Paratapirus intermedius	MAMMALIA	EUTHERIA	PERISSODACTYLA			Tapiridae			Paratapirus	intermedius		2026/06/18 17:48:51.478
Tapirus intermedius	species	Paratapirus intermedius	MAMMALIA	EUTHERIA	PERISSODACTYLA			Tapiridae			Paratapirus	intermedius		2026/06/18 17:48:51.478
Tapiravus polkensis	species	Tapirus polkensis	MAMMALIA	EUTHERIA	PERISSODACTYLA			Tapiridae			Tapirus	polkensis	Olsen (1960)	2026/06/18 17:48:51.478
Bunohyrax affinis	species	Bunohyrax fajumensis	MAMMALIA	EUTHERIA	HYRACOIDEA			Geniohyidae			Bunohyrax	fajumensis	Andrews 1904	2026/06/18 17:48:51.478
Megalohyrax suillus	species	Bunohyrax fajumensis	MAMMALIA	EUTHERIA	HYRACOIDEA			Geniohyidae			Bunohyrax	fajumensis	Andrews 1904	2026/06/18 17:48:51.478
Megalohyrax minor	species	Megalohyrax eocaenus	MAMMALIA	EUTHERIA	HYRACOIDEA			incertae sedis			Megalohyrax	eocaenus	Andrews 1903	2026/06/18 17:48:51.478
Megalohyrax niloticus	species	Megalohyrax eocaenus	MAMMALIA	EUTHERIA	HYRACOIDEA			incertae sedis			Megalohyrax	eocaenus	Andrews 1903	2026/06/18 17:48:51.478
Mixohyrax andrewsi	species	Megalohyrax eocaenus	MAMMALIA	EUTHERIA	HYRACOIDEA			incertae sedis			Megalohyrax	eocaenus	Andrews 1903	2026/06/18 17:48:51.478
Mixohyrax niloticus	species	Megalohyrax eocaenus	MAMMALIA	EUTHERIA	HYRACOIDEA			incertae sedis			Megalohyrax	eocaenus	Andrews 1903	2026/06/18 17:48:51.478
Prohyrax hendey	species	Prohyrax hendeyi	MAMMALIA	EUTHERIA	HYRACOIDEA			Pliohyracidae			Prohyrax	hendeyi	Pickford 1994	2026/06/18 17:48:51.478
Saghatherium annectens	species	Saghatherium antiquum	MAMMALIA	EUTHERIA	HYRACOIDEA			Saghatheriidae			Saghatherium	antiquum		2026/06/18 17:48:51.478
Megalohyrax championi	species	Afrohyrax championi	MAMMALIA	EUTHERIA	HYRACOIDEA			Titanohyracidae			Afrohyrax	championi	Arambourg 1933	2026/06/18 17:48:51.478
Pachyhyrax championi	species	Afrohyrax championi	MAMMALIA	EUTHERIA	HYRACOIDEA			Titanohyracidae			Afrohyrax	championi	Arambourg 1933	2026/06/18 17:48:51.478
Prohyrax bateae	species	Afrohyrax championi	MAMMALIA	EUTHERIA	HYRACOIDEA			Titanohyracidae			Afrohyrax	championi	Arambourg 1933	2026/06/18 17:48:51.478
Behemotops emlongi	species	Seuku emlongi	MAMMALIA	EUTHERIA	DESMOSTYLIA			indet.			Seuku	emlongi	Beatty and Cockburn, 2015	2026/06/18 17:48:51.478
Deinotherium laevius	species	Deinotherium levius	MAMMALIA	EUTHERIA	PROBOSCIDEA			Deinotheriidae			Deinotherium	levius		2026/06/18 17:48:51.478
Deinotherium gigantissimum	species	Deinotherium proavum	MAMMALIA	EUTHERIA	PROBOSCIDEA			Deinotheriidae			Deinotherium	proavum	(Eichwald, 1831)	2026/06/18 17:48:51.478
Deinotherium bavaricum	species	Prodeinotherium bavaricum	MAMMALIA	EUTHERIA	PROBOSCIDEA			Deinotheriidae			Prodeinotherium	bavaricum		2026/06/18 17:48:51.478
Deinotherium hobleyi	species	Prodeinotherium hobleyi	MAMMALIA	EUTHERIA	PROBOSCIDEA			Deinotheriidae			Prodeinotherium	hobleyi	(Andrews, 1911)	2026/06/18 17:48:51.478
Dinotheirum hobleyi	species	Prodeinotherium hobleyi	MAMMALIA	EUTHERIA	PROBOSCIDEA			Deinotheriidae			Prodeinotherium	hobleyi	(Andrews, 1911)	2026/06/18 17:48:51.478
Deinotherium pentapotamiae	species	Prodeinotherium pentapotamiae	MAMMALIA	EUTHERIA	PROBOSCIDEA			Deinotheriidae			Prodeinotherium	pentapotamiae		2026/06/18 17:48:51.478
Elephas reckiatavus	species	Elephas atavus	MAMMALIA	EUTHERIA	PROBOSCIDEA			Elephantidae			Elephas	atavus		2026/06/18 17:48:51.478
Elephas reckibrumpti	species	Elephas brumpti	MAMMALIA	EUTHERIA	PROBOSCIDEA			Elephantidae			Elephas	brumpti		2026/06/18 17:48:51.478
Elephas indicus	species	Elephas maximus	MAMMALIA	EUTHERIA	PROBOSCIDEA			Elephantidae			Elephas	maximus		2026/06/18 17:48:51.478
Archidiskodon planifrons	species	Elephas planifrons	MAMMALIA	EUTHERIA	PROBOSCIDEA			Elephantidae			Elephas	planifrons		2026/06/18 17:48:51.478
Mammuthus planifrons	species	Elephas planifrons	MAMMALIA	EUTHERIA	PROBOSCIDEA			Elephantidae			Elephas	planifrons		2026/06/18 17:48:51.478
Elephas reckishungurensis	species	Elephas shungurensis	MAMMALIA	EUTHERIA	PROBOSCIDEA			Elephantidae			Elephas	shungurensis		2026/06/18 17:48:51.478
Mammut hayi	species	Mammuthus columbi	MAMMALIA	EUTHERIA	PROBOSCIDEA			Elephantidae			Mammuthus	columbi		2026/06/18 17:48:51.478
Mammuthus hayi	species	Mammuthus columbi	MAMMALIA	EUTHERIA	PROBOSCIDEA			Elephantidae			Mammuthus	columbi		2026/06/18 17:48:51.478
Mammuthus imperator	species	Mammuthus columbi	MAMMALIA	EUTHERIA	PROBOSCIDEA			Elephantidae			Mammuthus	columbi		2026/06/18 17:48:51.478
Archidiskodon meridionalis	species	Mammuthus meridionalis	MAMMALIA	EUTHERIA	PROBOSCIDEA			Elephantidae			Mammuthus	meridionalis		2026/06/18 17:48:51.478
Elephas maghrebiensis	species	Mammuthus meridionalis	MAMMALIA	EUTHERIA	PROBOSCIDEA			Elephantidae			Mammuthus	meridionalis		2026/06/18 17:48:51.478
Elephas moghrebiensis	species	Mammuthus meridionalis	MAMMALIA	EUTHERIA	PROBOSCIDEA			Elephantidae			Mammuthus	meridionalis		2026/06/18 17:48:51.478
Elephas youheensis	species	Mammuthus rumanus	MAMMALIA	EUTHERIA	PROBOSCIDEA			Elephantidae			Mammuthus	rumanus		2026/06/18 17:48:51.478
Archidiskodon nyanzae	species	Mammuthus subplanifrons	MAMMALIA	EUTHERIA	PROBOSCIDEA			Elephantidae			Mammuthus	subplanifrons	(Osborn, 1928)	2026/06/18 17:48:51.478
Archidiskodon subplanifrons	species	Mammuthus subplanifrons	MAMMALIA	EUTHERIA	PROBOSCIDEA			Elephantidae			Mammuthus	subplanifrons	(Osborn, 1928)	2026/06/18 17:48:51.478
Mammuthus chosaricus	species	Mammuthus trogontherii	MAMMALIA	EUTHERIA	PROBOSCIDEA			Elephantidae			Mammuthus	trogontherii		2026/06/18 17:48:51.478
Elephas antiquus	species	Palaeoloxodon antiquus	MAMMALIA	EUTHERIA	PROBOSCIDEA			Elephantidae			Palaeoloxodon	antiquus		2026/06/18 17:48:51.478
Elephas cypriotes	species	Palaeoloxodon cypriotes	MAMMALIA	EUTHERIA	PROBOSCIDEA			Elephantidae			Palaeoloxodon	cypriotes		2026/06/18 17:48:51.478
Archidiskodon transvaalensis	species	Palaeoloxodon jolensis	MAMMALIA	EUTHERIA	PROBOSCIDEA			Elephantidae			Palaeoloxodon	jolensis		2026/06/18 17:48:51.478
Elephas iolensis	species	Palaeoloxodon jolensis	MAMMALIA	EUTHERIA	PROBOSCIDEA			Elephantidae			Palaeoloxodon	jolensis		2026/06/18 17:48:51.478
Elephas jolensis	species	Palaeoloxodon jolensis	MAMMALIA	EUTHERIA	PROBOSCIDEA			Elephantidae			Palaeoloxodon	jolensis		2026/06/18 17:48:51.478
Elephas namadicus	species	Palaeoloxodon namadicus	MAMMALIA	EUTHERIA	PROBOSCIDEA			Elephantidae			Palaeoloxodon	namadicus		2026/06/18 17:48:51.478
Elephas reckiileretensis	species	Palaeoloxodon recki	MAMMALIA	EUTHERIA	PROBOSCIDEA			Elephantidae			Palaeoloxodon	recki		2026/06/18 17:48:51.478
Elephas reckirecki	species	Palaeoloxodon recki	MAMMALIA	EUTHERIA	PROBOSCIDEA			Elephantidae			Palaeoloxodon	recki		2026/06/18 17:48:51.478
Elephas nawatensis	species	Primelephas korotorensis	MAMMALIA	EUTHERIA	PROBOSCIDEA			Elephantidae			Primelephas	korotorensis		2026/06/18 17:48:51.478
Primelephas gomphotheroides	species	Primelephas korotorensis	MAMMALIA	EUTHERIA	PROBOSCIDEA			Elephantidae			Primelephas	korotorensis		2026/06/18 17:48:51.478
Primelephas saitunensis	species	Primelephas korotorensis	MAMMALIA	EUTHERIA	PROBOSCIDEA			Elephantidae			Primelephas	korotorensis		2026/06/18 17:48:51.478
Stegotetrabelodon schneideri	species	Stegodibelodon schneideri	MAMMALIA	EUTHERIA	PROBOSCIDEA			Elephantidae			Stegodibelodon	schneideri		2026/06/18 17:48:51.478
Stegolophodon sahabianus	species	Stegotetrabelodon syrticus	MAMMALIA	EUTHERIA	PROBOSCIDEA			Elephantidae	Stegotetrabelodontinae		Stegotetrabelodon	syrticus		2026/06/18 17:48:51.478
Anancus cuneatus	species	Anancus sinensis	MAMMALIA	EUTHERIA	PROBOSCIDEA			Gomphotheriidae			Anancus	sinensis		2026/06/18 17:48:51.478
Gomphotherium olisiponensis	species	Gomphotherium angustidens	MAMMALIA	EUTHERIA	PROBOSCIDEA			Gomphotheriidae			Gomphotherium	angustidens		2026/06/18 17:48:51.478
Serridentinus inopinatus	species	Gomphotherium inopinatum	MAMMALIA	EUTHERIA	PROBOSCIDEA			Gomphotheriidae			Gomphotherium	inopinatum		2026/06/18 17:48:51.478
Gomphotherium watzeensis	species	Paratetralophodon hasnotensis	MAMMALIA	EUTHERIA	PROBOSCIDEA			Gomphotheriidae			Paratetralophodon	hasnotensis		2026/06/18 17:48:51.478
Gomphotherium tongxinensis	species	Platybelodon danovi	MAMMALIA	EUTHERIA	PROBOSCIDEA			Gomphotheriidae			Platybelodon	danovi		2026/06/18 17:48:51.478
Platybelodon jamandzalgensis	species	Platybelodon danovi	MAMMALIA	EUTHERIA	PROBOSCIDEA			Gomphotheriidae			Platybelodon	danovi		2026/06/18 17:48:51.478
Platybelodon tongxinensis	species	Platybelodon danovi	MAMMALIA	EUTHERIA	PROBOSCIDEA			Gomphotheriidae			Platybelodon	danovi		2026/06/18 17:48:51.478
Mastodon bumiajuensis	species	Sinomastodon bumiajuensis	MAMMALIA	EUTHERIA	PROBOSCIDEA			Gomphotheriidae			Sinomastodon	bumiajuensis		2026/06/18 17:48:51.478
Tetralophodon bumiajuensis	species	Sinomastodon bumiajuensis	MAMMALIA	EUTHERIA	PROBOSCIDEA			Gomphotheriidae			Sinomastodon	bumiajuensis		2026/06/18 17:48:51.478
Gomphotherium serridentoides	species	Sinomastodon yangziensis	MAMMALIA	EUTHERIA	PROBOSCIDEA			Gomphotheriidae			Sinomastodon	yangziensis		2026/06/18 17:48:51.478
Stegotetrabelodon gigantorostris	species	Tetralophodon gigantorostris	MAMMALIA	EUTHERIA	PROBOSCIDEA			Gomphotheriidae			Tetralophodon	gigantorostris		2026/06/18 17:48:51.478
Archeobelodon filholi	species	Archaeobelodon filholi	MAMMALIA	EUTHERIA	PROBOSCIDEA			Gomphotheriidae	Amebelodontinae		Archaeobelodon	filholi		2026/06/18 17:48:51.478
Amebelodon grandincisivus	species	Konobelodon atticus	MAMMALIA	EUTHERIA	PROBOSCIDEA			Gomphotheriidae	Amebelodontinae		Konobelodon	atticus		2026/06/18 17:48:51.478
Mastodon grandincisivus	species	Konobelodon atticus	MAMMALIA	EUTHERIA	PROBOSCIDEA			Gomphotheriidae	Amebelodontinae		Konobelodon	atticus		2026/06/18 17:48:51.478
Tetralophodon atticus	species	Konobelodon atticus	MAMMALIA	EUTHERIA	PROBOSCIDEA			Gomphotheriidae	Amebelodontinae		Konobelodon	atticus		2026/06/18 17:48:51.478
Tetralophodon grandicivum	species	Konobelodon atticus	MAMMALIA	EUTHERIA	PROBOSCIDEA			Gomphotheriidae	Amebelodontinae		Konobelodon	atticus		2026/06/18 17:48:51.478
Tetralophodon grandincisivum	species	Konobelodon atticus	MAMMALIA	EUTHERIA	PROBOSCIDEA			Gomphotheriidae	Amebelodontinae		Konobelodon	atticus		2026/06/18 17:48:51.478
Amebelodon britti	species	Konobelodon britti	MAMMALIA	EUTHERIA	PROBOSCIDEA			Gomphotheriidae	Amebelodontinae		Konobelodon	britti		2026/06/18 17:48:51.478
Amebelodon cyrenaicus	species	Konobelodon cyrenaicus	MAMMALIA	EUTHERIA	PROBOSCIDEA			Gomphotheriidae	Amebelodontinae		Konobelodon	cyrenaicus		2026/06/18 17:48:51.478
Platybelodon barnumbrowni	species	Protanancus barnumbrowni	MAMMALIA	EUTHERIA	PROBOSCIDEA			Gomphotheriidae	Amebelodontinae		Protanancus	barnumbrowni		2026/06/18 17:48:51.478
Torynobelodon barnumbrowni	species	Protanancus barnumbrowni	MAMMALIA	EUTHERIA	PROBOSCIDEA			Gomphotheriidae	Amebelodontinae		Protanancus	barnumbrowni		2026/06/18 17:48:51.478
Gomphotherium ngorora	species	Choerolophodon ngorora	MAMMALIA	EUTHERIA	PROBOSCIDEA			Gomphotheriidae	Choerolophdontinae		Choerolophodon	ngorora		2026/06/18 17:48:51.478
Synconolophus serridentinoides	species	Choerolophodon pentelici	MAMMALIA	EUTHERIA	PROBOSCIDEA			Gomphotheriidae	Choerolophdontinae		Choerolophodon	pentelici		2026/06/18 17:48:51.478
Choerolophodon guangheensis	species	Eochoerodon guangheensis	MAMMALIA	EUTHERIA	PROBOSCIDEA			Gomphotheriidae	Choerolophdontinae		Eochoerodon	guangheensis		2026/06/18 17:48:51.478
Afrochoerodon angustidens	species	Afrochoerodon kisumuensis	MAMMALIA	EUTHERIA	PROBOSCIDEA			Gomphotheriidae	Choerolophodontinae		Afrochoerodon	kisumuensis		2026/06/18 17:48:51.478
Gomphotherium kisumuensis	species	Afrochoerodon kisumuensis	MAMMALIA	EUTHERIA	PROBOSCIDEA			Gomphotheriidae	Choerolophodontinae		Afrochoerodon	kisumuensis		2026/06/18 17:48:51.478
Platybelodon kisumuensis	species	Afrochoerodon kisumuensis	MAMMALIA	EUTHERIA	PROBOSCIDEA			Gomphotheriidae	Choerolophodontinae		Afrochoerodon	kisumuensis		2026/06/18 17:48:51.478
Trilophodon angustidens	species	Afrochoerodon kisumuensis	MAMMALIA	EUTHERIA	PROBOSCIDEA			Gomphotheriidae	Choerolophodontinae		Afrochoerodon	kisumuensis		2026/06/18 17:48:51.478
Numidotherium savagei	species	Arcanotherium savagei	MAMMALIA	EUTHERIA	PROBOSCIDEA			indet.			Arcanotherium	savagei		2026/06/18 17:48:51.478
Serridentinus gobiensis	species	Miomastodon gobiensis	MAMMALIA	EUTHERIA	PROBOSCIDEA			Mammutidae			Miomastodon	gobiensis		2026/06/18 17:48:51.478
Zygolophodon gobiensis	species	Miomastodon gobiensis	MAMMALIA	EUTHERIA	PROBOSCIDEA			Mammutidae			Miomastodon	gobiensis		2026/06/18 17:48:51.478
Zygolophodon proavus	species	Miomastodon merriami	MAMMALIA	EUTHERIA	PROBOSCIDEA			Mammutidae			Miomastodon	merriami		2026/06/18 17:48:51.478
Zygolophodon metachijiensis	species	Miomastodon metachinjiensis	MAMMALIA	EUTHERIA	PROBOSCIDEA			Mammutidae			Miomastodon	metachinjiensis		2026/06/18 17:48:51.478
Turicius turicensis	species	Zygolophodon turicensis	MAMMALIA	EUTHERIA	PROBOSCIDEA			Mammutidae			Zygolophodon	turicensis		2026/06/18 17:48:51.478
Zygolophodon tapiroides	species	Zygolophodon turicensis	MAMMALIA	EUTHERIA	PROBOSCIDEA			Mammutidae			Zygolophodon	turicensis		2026/06/18 17:48:51.478
Stegodon sinensis	species	Stegodon elephantoides	MAMMALIA	EUTHERIA	PROBOSCIDEA			Stegodontidae	Stegodontinae		Stegodon	elephantoides		2026/06/18 17:48:51.478
Stegodon yuanmouensis	species	Stegodon elephantoides	MAMMALIA	EUTHERIA	PROBOSCIDEA			Stegodontidae	Stegodontinae		Stegodon	elephantoides		2026/06/18 17:48:51.478
Stegodon yushensis	species	Stegodon zdanskyi	MAMMALIA	EUTHERIA	PROBOSCIDEA			Stegodontidae	Stegodontinae		Stegodon	zdanskyi		2026/06/18 17:48:51.478
Rulengchia hueiheensis	species	Stegolophodon hueiheensis	MAMMALIA	EUTHERIA	PROBOSCIDEA			Stegodontidae	Stegodontinae		Stegolophodon	hueiheensis		2026/06/18 17:48:51.478
